,ymin,xmin,ymax,xmax
0,-0.023684211,-0.023684211,0.07631579,0.07631579
1,-0.04439489,-0.11510557,0.09702647,0.16773716
2,-0.11510557,-0.04439489,0.16773716,0.09702647
3,-0.023684211,0.028947365,0.07631579,0.12894736
4,-0.04439489,-0.062473997,0.09702647,0.22036873
5,-0.11510557,0.008236684,0.16773716,0.14965805
6,-0.023684211,0.081578955,0.07631579,0.18157895
7,-0.04439489,-0.009842411,0.09702647,0.2730003
8,-0.11510557,0.06086827,0.16773716,0.20228964
9,-0.023684211,0.13421053,0.07631579,0.23421052
10,-0.04439489,0.04278916,0.09702647,0.3256319
11,-0.11510557,0.11349984,0.16773716,0.2549212
12,-0.023684211,0.18684211,0.07631579,0.2868421
13,-0.04439489,0.09542075,0.09702647,0.37826347
14,-0.11510557,0.16613144,0.16773716,0.30755278
15,-0.023684211,0.23947369,0.07631579,0.3394737
16,-0.04439489,0.14805232,0.09702647,0.43089503
17,-0.11510557,0.218763,0.16773716,0.36018437
18,-0.023684211,0.29210523,0.07631579,0.39210525
19,-0.04439489,0.20068388,0.09702647,0.4835266
20,-0.11510557,0.27139455,0.16773716,0.41281593
21,-0.023684211,0.3447368,0.07631579,0.44473684
22,-0.04439489,0.25331545,0.09702647,0.5361582
23,-0.11510557,0.32402614,0.16773716,0.46544752
24,-0.023684211,0.3973684,0.07631579,0.49736843
25,-0.04439489,0.30594707,0.09702647,0.58878976
26,-0.11510557,0.37665772,0.16773716,0.5180791
27,-0.023684211,0.45,0.07631579,0.55
28,-0.04439489,0.35857862,0.09702647,0.6414214
29,-0.11510557,0.4292893,0.16773716,0.57071066
30,-0.023684211,0.5026316,0.07631579,0.6026316
31,-0.04439489,0.41121024,0.09702647,0.694053
32,-0.11510557,0.48192093,0.16773716,0.6233423
33,-0.023684211,0.55526316,0.07631579,0.6552632
34,-0.04439489,0.4638418,0.09702647,0.74668455
35,-0.11510557,0.5345525,0.16773716,0.67597383
36,-0.023684211,0.6078947,0.07631579,0.70789474
37,-0.04439489,0.51647335,0.09702647,0.7993161
38,-0.11510557,0.5871841,0.16773716,0.7286054
39,-0.023684211,0.66052634,0.07631579,0.76052636
40,-0.04439489,0.56910497,0.09702647,0.8519477
41,-0.11510557,0.6398157,0.16773716,0.781237
42,-0.023684211,0.7131579,0.07631579,0.8131579
43,-0.04439489,0.6217365,0.09702647,0.9045793
44,-0.11510557,0.69244725,0.16773716,0.83386856
45,-0.023684211,0.7657895,0.07631579,0.86578953
46,-0.04439489,0.67436814,0.09702647,0.9572109
47,-0.11510557,0.74507886,0.16773716,0.8865002
48,-0.023684211,0.81842107,0.07631579,0.9184211
49,-0.04439489,0.7269997,0.09702647,1.0098424
50,-0.11510557,0.7977104,0.16773716,0.93913174
51,-0.023684211,0.8710526,0.07631579,0.97105265
52,-0.04439489,0.77963126,0.09702647,1.062474
53,-0.11510557,0.850342,0.16773716,0.9917633
54,-0.023684211,0.92368424,0.07631579,1.0236843
55,-0.04439489,0.8322629,0.09702647,1.1151056
56,-0.11510557,0.9029736,0.16773716,1.044395
57,0.028947365,-0.023684211,0.12894736,0.07631579
58,0.008236684,-0.11510557,0.14965805,0.16773716
59,-0.062473997,-0.04439489,0.22036873,0.09702647
60,0.028947365,0.028947365,0.12894736,0.12894736
61,0.008236684,-0.062473997,0.14965805,0.22036873
62,-0.062473997,0.008236684,0.22036873,0.14965805
63,0.028947365,0.081578955,0.12894736,0.18157895
64,0.008236684,-0.009842411,0.14965805,0.2730003
65,-0.062473997,0.06086827,0.22036873,0.20228964
66,0.028947365,0.13421053,0.12894736,0.23421052
67,0.008236684,0.04278916,0.14965805,0.3256319
68,-0.062473997,0.11349984,0.22036873,0.2549212
69,0.028947365,0.18684211,0.12894736,0.2868421
70,0.008236684,0.09542075,0.14965805,0.37826347
71,-0.062473997,0.16613144,0.22036873,0.30755278
72,0.028947365,0.23947369,0.12894736,0.3394737
73,0.008236684,0.14805232,0.14965805,0.43089503
74,-0.062473997,0.218763,0.22036873,0.36018437
75,0.028947365,0.29210523,0.12894736,0.39210525
76,0.008236684,0.20068388,0.14965805,0.4835266
77,-0.062473997,0.27139455,0.22036873,0.41281593
78,0.028947365,0.3447368,0.12894736,0.44473684
79,0.008236684,0.25331545,0.14965805,0.5361582
80,-0.062473997,0.32402614,0.22036873,0.46544752
81,0.028947365,0.3973684,0.12894736,0.49736843
82,0.008236684,0.30594707,0.14965805,0.58878976
83,-0.062473997,0.37665772,0.22036873,0.5180791
84,0.028947365,0.45,0.12894736,0.55
85,0.008236684,0.35857862,0.14965805,0.6414214
86,-0.062473997,0.4292893,0.22036873,0.57071066
87,0.028947365,0.5026316,0.12894736,0.6026316
88,0.008236684,0.41121024,0.14965805,0.694053
89,-0.062473997,0.48192093,0.22036873,0.6233423
90,0.028947365,0.55526316,0.12894736,0.6552632
91,0.008236684,0.4638418,0.14965805,0.74668455
92,-0.062473997,0.5345525,0.22036873,0.67597383
93,0.028947365,0.6078947,0.12894736,0.70789474
94,0.008236684,0.51647335,0.14965805,0.7993161
95,-0.062473997,0.5871841,0.22036873,0.7286054
96,0.028947365,0.66052634,0.12894736,0.76052636
97,0.008236684,0.56910497,0.14965805,0.8519477
98,-0.062473997,0.6398157,0.22036873,0.781237
99,0.028947365,0.7131579,0.12894736,0.8131579
100,0.008236684,0.6217365,0.14965805,0.9045793
101,-0.062473997,0.69244725,0.22036873,0.83386856
102,0.028947365,0.7657895,0.12894736,0.86578953
103,0.008236684,0.67436814,0.14965805,0.9572109
104,-0.062473997,0.74507886,0.22036873,0.8865002
105,0.028947365,0.81842107,0.12894736,0.9184211
106,0.008236684,0.7269997,0.14965805,1.0098424
107,-0.062473997,0.7977104,0.22036873,0.93913174
108,0.028947365,0.8710526,0.12894736,0.97105265
109,0.008236684,0.77963126,0.14965805,1.062474
110,-0.062473997,0.850342,0.22036873,0.9917633
111,0.028947365,0.92368424,0.12894736,1.0236843
112,0.008236684,0.8322629,0.14965805,1.1151056
113,-0.062473997,0.9029736,0.22036873,1.044395
114,0.081578955,-0.023684211,0.18157895,0.07631579
115,0.06086827,-0.11510557,0.20228964,0.16773716
116,-0.009842411,-0.04439489,0.2730003,0.09702647
117,0.081578955,0.028947365,0.18157895,0.12894736
118,0.06086827,-0.062473997,0.20228964,0.22036873
119,-0.009842411,0.008236684,0.2730003,0.14965805
120,0.081578955,0.081578955,0.18157895,0.18157895
121,0.06086827,-0.009842411,0.20228964,0.2730003
122,-0.009842411,0.06086827,0.2730003,0.20228964
123,0.081578955,0.13421053,0.18157895,0.23421052
124,0.06086827,0.04278916,0.20228964,0.3256319
125,-0.009842411,0.11349984,0.2730003,0.2549212
126,0.081578955,0.18684211,0.18157895,0.2868421
127,0.06086827,0.09542075,0.20228964,0.37826347
128,-0.009842411,0.16613144,0.2730003,0.30755278
129,0.081578955,0.23947369,0.18157895,0.3394737
130,0.06086827,0.14805232,0.20228964,0.43089503
131,-0.009842411,0.218763,0.2730003,0.36018437
132,0.081578955,0.29210523,0.18157895,0.39210525
133,0.06086827,0.20068388,0.20228964,0.4835266
134,-0.009842411,0.27139455,0.2730003,0.41281593
135,0.081578955,0.3447368,0.18157895,0.44473684
136,0.06086827,0.25331545,0.20228964,0.5361582
137,-0.009842411,0.32402614,0.2730003,0.46544752
138,0.081578955,0.3973684,0.18157895,0.49736843
139,0.06086827,0.30594707,0.20228964,0.58878976
140,-0.009842411,0.37665772,0.2730003,0.5180791
141,0.081578955,0.45,0.18157895,0.55
142,0.06086827,0.35857862,0.20228964,0.6414214
143,-0.009842411,0.4292893,0.2730003,0.57071066
144,0.081578955,0.5026316,0.18157895,0.6026316
145,0.06086827,0.41121024,0.20228964,0.694053
146,-0.009842411,0.48192093,0.2730003,0.6233423
147,0.081578955,0.55526316,0.18157895,0.6552632
148,0.06086827,0.4638418,0.20228964,0.74668455
149,-0.009842411,0.5345525,0.2730003,0.67597383
150,0.081578955,0.6078947,0.18157895,0.70789474
151,0.06086827,0.51647335,0.20228964,0.7993161
152,-0.009842411,0.5871841,0.2730003,0.7286054
153,0.081578955,0.66052634,0.18157895,0.76052636
154,0.06086827,0.56910497,0.20228964,0.8519477
155,-0.009842411,0.6398157,0.2730003,0.781237
156,0.081578955,0.7131579,0.18157895,0.8131579
157,0.06086827,0.6217365,0.20228964,0.9045793
158,-0.009842411,0.69244725,0.2730003,0.83386856
159,0.081578955,0.7657895,0.18157895,0.86578953
160,0.06086827,0.67436814,0.20228964,0.9572109
161,-0.009842411,0.74507886,0.2730003,0.8865002
162,0.081578955,0.81842107,0.18157895,0.9184211
163,0.06086827,0.7269997,0.20228964,1.0098424
164,-0.009842411,0.7977104,0.2730003,0.93913174
165,0.081578955,0.8710526,0.18157895,0.97105265
166,0.06086827,0.77963126,0.20228964,1.062474
167,-0.009842411,0.850342,0.2730003,0.9917633
168,0.081578955,0.92368424,0.18157895,1.0236843
169,0.06086827,0.8322629,0.20228964,1.1151056
170,-0.009842411,0.9029736,0.2730003,1.044395
171,0.13421053,-0.023684211,0.23421052,0.07631579
172,0.11349984,-0.11510557,0.2549212,0.16773716
173,0.04278916,-0.04439489,0.3256319,0.09702647
174,0.13421053,0.028947365,0.23421052,0.12894736
175,0.11349984,-0.062473997,0.2549212,0.22036873
176,0.04278916,0.008236684,0.3256319,0.14965805
177,0.13421053,0.081578955,0.23421052,0.18157895
178,0.11349984,-0.009842411,0.2549212,0.2730003
179,0.04278916,0.06086827,0.3256319,0.20228964
180,0.13421053,0.13421053,0.23421052,0.23421052
181,0.11349984,0.04278916,0.2549212,0.3256319
182,0.04278916,0.11349984,0.3256319,0.2549212
183,0.13421053,0.18684211,0.23421052,0.2868421
184,0.11349984,0.09542075,0.2549212,0.37826347
185,0.04278916,0.16613144,0.3256319,0.30755278
186,0.13421053,0.23947369,0.23421052,0.3394737
187,0.11349984,0.14805232,0.2549212,0.43089503
188,0.04278916,0.218763,0.3256319,0.36018437
189,0.13421053,0.29210523,0.23421052,0.39210525
190,0.11349984,0.20068388,0.2549212,0.4835266
191,0.04278916,0.27139455,0.3256319,0.41281593
192,0.13421053,0.3447368,0.23421052,0.44473684
193,0.11349984,0.25331545,0.2549212,0.5361582
194,0.04278916,0.32402614,0.3256319,0.46544752
195,0.13421053,0.3973684,0.23421052,0.49736843
196,0.11349984,0.30594707,0.2549212,0.58878976
197,0.04278916,0.37665772,0.3256319,0.5180791
198,0.13421053,0.45,0.23421052,0.55
199,0.11349984,0.35857862,0.2549212,0.6414214
200,0.04278916,0.4292893,0.3256319,0.57071066
201,0.13421053,0.5026316,0.23421052,0.6026316
202,0.11349984,0.41121024,0.2549212,0.694053
203,0.04278916,0.48192093,0.3256319,0.6233423
204,0.13421053,0.55526316,0.23421052,0.6552632
205,0.11349984,0.4638418,0.2549212,0.74668455
206,0.04278916,0.5345525,0.3256319,0.67597383
207,0.13421053,0.6078947,0.23421052,0.70789474
208,0.11349984,0.51647335,0.2549212,0.7993161
209,0.04278916,0.5871841,0.3256319,0.7286054
210,0.13421053,0.66052634,0.23421052,0.76052636
211,0.11349984,0.56910497,0.2549212,0.8519477
212,0.04278916,0.6398157,0.3256319,0.781237
213,0.13421053,0.7131579,0.23421052,0.8131579
214,0.11349984,0.6217365,0.2549212,0.9045793
215,0.04278916,0.69244725,0.3256319,0.83386856
216,0.13421053,0.7657895,0.23421052,0.86578953
217,0.11349984,0.67436814,0.2549212,0.9572109
218,0.04278916,0.74507886,0.3256319,0.8865002
219,0.13421053,0.81842107,0.23421052,0.9184211
220,0.11349984,0.7269997,0.2549212,1.0098424
221,0.04278916,0.7977104,0.3256319,0.93913174
222,0.13421053,0.8710526,0.23421052,0.97105265
223,0.11349984,0.77963126,0.2549212,1.062474
224,0.04278916,0.850342,0.3256319,0.9917633
225,0.13421053,0.92368424,0.23421052,1.0236843
226,0.11349984,0.8322629,0.2549212,1.1151056
227,0.04278916,0.9029736,0.3256319,1.044395
228,0.18684211,-0.023684211,0.2868421,0.07631579
229,0.16613144,-0.11510557,0.30755278,0.16773716
230,0.09542075,-0.04439489,0.37826347,0.09702647
231,0.18684211,0.028947365,0.2868421,0.12894736
232,0.16613144,-0.062473997,0.30755278,0.22036873
233,0.09542075,0.008236684,0.37826347,0.14965805
234,0.18684211,0.081578955,0.2868421,0.18157895
235,0.16613144,-0.009842411,0.30755278,0.2730003
236,0.09542075,0.06086827,0.37826347,0.20228964
237,0.18684211,0.13421053,0.2868421,0.23421052
238,0.16613144,0.04278916,0.30755278,0.3256319
239,0.09542075,0.11349984,0.37826347,0.2549212
240,0.18684211,0.18684211,0.2868421,0.2868421
241,0.16613144,0.09542075,0.30755278,0.37826347
242,0.09542075,0.16613144,0.37826347,0.30755278
243,0.18684211,0.23947369,0.2868421,0.3394737
244,0.16613144,0.14805232,0.30755278,0.43089503
245,0.09542075,0.218763,0.37826347,0.36018437
246,0.18684211,0.29210523,0.2868421,0.39210525
247,0.16613144,0.20068388,0.30755278,0.4835266
248,0.09542075,0.27139455,0.37826347,0.41281593
249,0.18684211,0.3447368,0.2868421,0.44473684
250,0.16613144,0.25331545,0.30755278,0.5361582
251,0.09542075,0.32402614,0.37826347,0.46544752
252,0.18684211,0.3973684,0.2868421,0.49736843
253,0.16613144,0.30594707,0.30755278,0.58878976
254,0.09542075,0.37665772,0.37826347,0.5180791
255,0.18684211,0.45,0.2868421,0.55
256,0.16613144,0.35857862,0.30755278,0.6414214
257,0.09542075,0.4292893,0.37826347,0.57071066
258,0.18684211,0.5026316,0.2868421,0.6026316
259,0.16613144,0.41121024,0.30755278,0.694053
260,0.09542075,0.48192093,0.37826347,0.6233423
261,0.18684211,0.55526316,0.2868421,0.6552632
262,0.16613144,0.4638418,0.30755278,0.74668455
263,0.09542075,0.5345525,0.37826347,0.67597383
264,0.18684211,0.6078947,0.2868421,0.70789474
265,0.16613144,0.51647335,0.30755278,0.7993161
266,0.09542075,0.5871841,0.37826347,0.7286054
267,0.18684211,0.66052634,0.2868421,0.76052636
268,0.16613144,0.56910497,0.30755278,0.8519477
269,0.09542075,0.6398157,0.37826347,0.781237
270,0.18684211,0.7131579,0.2868421,0.8131579
271,0.16613144,0.6217365,0.30755278,0.9045793
272,0.09542075,0.69244725,0.37826347,0.83386856
273,0.18684211,0.7657895,0.2868421,0.86578953
274,0.16613144,0.67436814,0.30755278,0.9572109
275,0.09542075,0.74507886,0.37826347,0.8865002
276,0.18684211,0.81842107,0.2868421,0.9184211
277,0.16613144,0.7269997,0.30755278,1.0098424
278,0.09542075,0.7977104,0.37826347,0.93913174
279,0.18684211,0.8710526,0.2868421,0.97105265
280,0.16613144,0.77963126,0.30755278,1.062474
281,0.09542075,0.850342,0.37826347,0.9917633
282,0.18684211,0.92368424,0.2868421,1.0236843
283,0.16613144,0.8322629,0.30755278,1.1151056
284,0.09542075,0.9029736,0.37826347,1.044395
285,0.23947369,-0.023684211,0.3394737,0.07631579
286,0.218763,-0.11510557,0.36018437,0.16773716
287,0.14805232,-0.04439489,0.43089503,0.09702647
288,0.23947369,0.028947365,0.3394737,0.12894736
289,0.218763,-0.062473997,0.36018437,0.22036873
290,0.14805232,0.008236684,0.43089503,0.14965805
291,0.23947369,0.081578955,0.3394737,0.18157895
292,0.218763,-0.009842411,0.36018437,0.2730003
293,0.14805232,0.06086827,0.43089503,0.20228964
294,0.23947369,0.13421053,0.3394737,0.23421052
295,0.218763,0.04278916,0.36018437,0.3256319
296,0.14805232,0.11349984,0.43089503,0.2549212
297,0.23947369,0.18684211,0.3394737,0.2868421
298,0.218763,0.09542075,0.36018437,0.37826347
299,0.14805232,0.16613144,0.43089503,0.30755278
300,0.23947369,0.23947369,0.3394737,0.3394737
301,0.218763,0.14805232,0.36018437,0.43089503
302,0.14805232,0.218763,0.43089503,0.36018437
303,0.23947369,0.29210523,0.3394737,0.39210525
304,0.218763,0.20068388,0.36018437,0.4835266
305,0.14805232,0.27139455,0.43089503,0.41281593
306,0.23947369,0.3447368,0.3394737,0.44473684
307,0.218763,0.25331545,0.36018437,0.5361582
308,0.14805232,0.32402614,0.43089503,0.46544752
309,0.23947369,0.3973684,0.3394737,0.49736843
310,0.218763,0.30594707,0.36018437,0.58878976
311,0.14805232,0.37665772,0.43089503,0.5180791
312,0.23947369,0.45,0.3394737,0.55
313,0.218763,0.35857862,0.36018437,0.6414214
314,0.14805232,0.4292893,0.43089503,0.57071066
315,0.23947369,0.5026316,0.3394737,0.6026316
316,0.218763,0.41121024,0.36018437,0.694053
317,0.14805232,0.48192093,0.43089503,0.6233423
318,0.23947369,0.55526316,0.3394737,0.6552632
319,0.218763,0.4638418,0.36018437,0.74668455
320,0.14805232,0.5345525,0.43089503,0.67597383
321,0.23947369,0.6078947,0.3394737,0.70789474
322,0.218763,0.51647335,0.36018437,0.7993161
323,0.14805232,0.5871841,0.43089503,0.7286054
324,0.23947369,0.66052634,0.3394737,0.76052636
325,0.218763,0.56910497,0.36018437,0.8519477
326,0.14805232,0.6398157,0.43089503,0.781237
327,0.23947369,0.7131579,0.3394737,0.8131579
328,0.218763,0.6217365,0.36018437,0.9045793
329,0.14805232,0.69244725,0.43089503,0.83386856
330,0.23947369,0.7657895,0.3394737,0.86578953
331,0.218763,0.67436814,0.36018437,0.9572109
332,0.14805232,0.74507886,0.43089503,0.8865002
333,0.23947369,0.81842107,0.3394737,0.9184211
334,0.218763,0.7269997,0.36018437,1.0098424
335,0.14805232,0.7977104,0.43089503,0.93913174
336,0.23947369,0.8710526,0.3394737,0.97105265
337,0.218763,0.77963126,0.36018437,1.062474
338,0.14805232,0.850342,0.43089503,0.9917633
339,0.23947369,0.92368424,0.3394737,1.0236843
340,0.218763,0.8322629,0.36018437,1.1151056
341,0.14805232,0.9029736,0.43089503,1.044395
342,0.29210523,-0.023684211,0.39210525,0.07631579
343,0.27139455,-0.11510557,0.41281593,0.16773716
344,0.20068388,-0.04439489,0.4835266,0.09702647
345,0.29210523,0.028947365,0.39210525,0.12894736
346,0.27139455,-0.062473997,0.41281593,0.22036873
347,0.20068388,0.008236684,0.4835266,0.14965805
348,0.29210523,0.081578955,0.39210525,0.18157895
349,0.27139455,-0.009842411,0.41281593,0.2730003
350,0.20068388,0.06086827,0.4835266,0.20228964
351,0.29210523,0.13421053,0.39210525,0.23421052
352,0.27139455,0.04278916,0.41281593,0.3256319
353,0.20068388,0.11349984,0.4835266,0.2549212
354,0.29210523,0.18684211,0.39210525,0.2868421
355,0.27139455,0.09542075,0.41281593,0.37826347
356,0.20068388,0.16613144,0.4835266,0.30755278
357,0.29210523,0.23947369,0.39210525,0.3394737
358,0.27139455,0.14805232,0.41281593,0.43089503
359,0.20068388,0.218763,0.4835266,0.36018437
360,0.29210523,0.29210523,0.39210525,0.39210525
361,0.27139455,0.20068388,0.41281593,0.4835266
362,0.20068388,0.27139455,0.4835266,0.41281593
363,0.29210523,0.3447368,0.39210525,0.44473684
364,0.27139455,0.25331545,0.41281593,0.5361582
365,0.20068388,0.32402614,0.4835266,0.46544752
366,0.29210523,0.3973684,0.39210525,0.49736843
367,0.27139455,0.30594707,0.41281593,0.58878976
368,0.20068388,0.37665772,0.4835266,0.5180791
369,0.29210523,0.45,0.39210525,0.55
370,0.27139455,0.35857862,0.41281593,0.6414214
371,0.20068388,0.4292893,0.4835266,0.57071066
372,0.29210523,0.5026316,0.39210525,0.6026316
373,0.27139455,0.41121024,0.41281593,0.694053
374,0.20068388,0.48192093,0.4835266,0.6233423
375,0.29210523,0.55526316,0.39210525,0.6552632
376,0.27139455,0.4638418,0.41281593,0.74668455
377,0.20068388,0.5345525,0.4835266,0.67597383
378,0.29210523,0.6078947,0.39210525,0.70789474
379,0.27139455,0.51647335,0.41281593,0.7993161
380,0.20068388,0.5871841,0.4835266,0.7286054
381,0.29210523,0.66052634,0.39210525,0.76052636
382,0.27139455,0.56910497,0.41281593,0.8519477
383,0.20068388,0.6398157,0.4835266,0.781237
384,0.29210523,0.7131579,0.39210525,0.8131579
385,0.27139455,0.6217365,0.41281593,0.9045793
386,0.20068388,0.69244725,0.4835266,0.83386856
387,0.29210523,0.7657895,0.39210525,0.86578953
388,0.27139455,0.67436814,0.41281593,0.9572109
389,0.20068388,0.74507886,0.4835266,0.8865002
390,0.29210523,0.81842107,0.39210525,0.9184211
391,0.27139455,0.7269997,0.41281593,1.0098424
392,0.20068388,0.7977104,0.4835266,0.93913174
393,0.29210523,0.8710526,0.39210525,0.97105265
394,0.27139455,0.77963126,0.41281593,1.062474
395,0.20068388,0.850342,0.4835266,0.9917633
396,0.29210523,0.92368424,0.39210525,1.0236843
397,0.27139455,0.8322629,0.41281593,1.1151056
398,0.20068388,0.9029736,0.4835266,1.044395
399,0.3447368,-0.023684211,0.44473684,0.07631579
400,0.32402614,-0.11510557,0.46544752,0.16773716
401,0.25331545,-0.04439489,0.5361582,0.09702647
402,0.3447368,0.028947365,0.44473684,0.12894736
403,0.32402614,-0.062473997,0.46544752,0.22036873
404,0.25331545,0.008236684,0.5361582,0.14965805
405,0.3447368,0.081578955,0.44473684,0.18157895
406,0.32402614,-0.009842411,0.46544752,0.2730003
407,0.25331545,0.06086827,0.5361582,0.20228964
408,0.3447368,0.13421053,0.44473684,0.23421052
409,0.32402614,0.04278916,0.46544752,0.3256319
410,0.25331545,0.11349984,0.5361582,0.2549212
411,0.3447368,0.18684211,0.44473684,0.2868421
412,0.32402614,0.09542075,0.46544752,0.37826347
413,0.25331545,0.16613144,0.5361582,0.30755278
414,0.3447368,0.23947369,0.44473684,0.3394737
415,0.32402614,0.14805232,0.46544752,0.43089503
416,0.25331545,0.218763,0.5361582,0.36018437
417,0.3447368,0.29210523,0.44473684,0.39210525
418,0.32402614,0.20068388,0.46544752,0.4835266
419,0.25331545,0.27139455,0.5361582,0.41281593
420,0.3447368,0.3447368,0.44473684,0.44473684
421,0.32402614,0.25331545,0.46544752,0.5361582
422,0.25331545,0.32402614,0.5361582,0.46544752
423,0.3447368,0.3973684,0.44473684,0.49736843
424,0.32402614,0.30594707,0.46544752,0.58878976
425,0.25331545,0.37665772,0.5361582,0.5180791
426,0.3447368,0.45,0.44473684,0.55
427,0.32402614,0.35857862,0.46544752,0.6414214
428,0.25331545,0.4292893,0.5361582,0.57071066
429,0.3447368,0.5026316,0.44473684,0.6026316
430,0.32402614,0.41121024,0.46544752,0.694053
431,0.25331545,0.48192093,0.5361582,0.6233423
432,0.3447368,0.55526316,0.44473684,0.6552632
433,0.32402614,0.4638418,0.46544752,0.74668455
434,0.25331545,0.5345525,0.5361582,0.67597383
435,0.3447368,0.6078947,0.44473684,0.70789474
436,0.32402614,0.51647335,0.46544752,0.7993161
437,0.25331545,0.5871841,0.5361582,0.7286054
438,0.3447368,0.66052634,0.44473684,0.76052636
439,0.32402614,0.56910497,0.46544752,0.8519477
440,0.25331545,0.6398157,0.5361582,0.781237
441,0.3447368,0.7131579,0.44473684,0.8131579
442,0.32402614,0.6217365,0.46544752,0.9045793
443,0.25331545,0.69244725,0.5361582,0.83386856
444,0.3447368,0.7657895,0.44473684,0.86578953
445,0.32402614,0.67436814,0.46544752,0.9572109
446,0.25331545,0.74507886,0.5361582,0.8865002
447,0.3447368,0.81842107,0.44473684,0.9184211
448,0.32402614,0.7269997,0.46544752,1.0098424
449,0.25331545,0.7977104,0.5361582,0.93913174
450,0.3447368,0.8710526,0.44473684,0.97105265
451,0.32402614,0.77963126,0.46544752,1.062474
452,0.25331545,0.850342,0.5361582,0.9917633
453,0.3447368,0.92368424,0.44473684,1.0236843
454,0.32402614,0.8322629,0.46544752,1.1151056
455,0.25331545,0.9029736,0.5361582,1.044395
456,0.3973684,-0.023684211,0.49736843,0.07631579
457,0.37665772,-0.11510557,0.5180791,0.16773716
458,0.30594707,-0.04439489,0.58878976,0.09702647
459,0.3973684,0.028947365,0.49736843,0.12894736
460,0.37665772,-0.062473997,0.5180791,0.22036873
461,0.30594707,0.008236684,0.58878976,0.14965805
462,0.3973684,0.081578955,0.49736843,0.18157895
463,0.37665772,-0.009842411,0.5180791,0.2730003
464,0.30594707,0.06086827,0.58878976,0.20228964
465,0.3973684,0.13421053,0.49736843,0.23421052
466,0.37665772,0.04278916,0.5180791,0.3256319
467,0.30594707,0.11349984,0.58878976,0.2549212
468,0.3973684,0.18684211,0.49736843,0.2868421
469,0.37665772,0.09542075,0.5180791,0.37826347
470,0.30594707,0.16613144,0.58878976,0.30755278
471,0.3973684,0.23947369,0.49736843,0.3394737
472,0.37665772,0.14805232,0.5180791,0.43089503
473,0.30594707,0.218763,0.58878976,0.36018437
474,0.3973684,0.29210523,0.49736843,0.39210525
475,0.37665772,0.20068388,0.5180791,0.4835266
476,0.30594707,0.27139455,0.58878976,0.41281593
477,0.3973684,0.3447368,0.49736843,0.44473684
478,0.37665772,0.25331545,0.5180791,0.5361582
479,0.30594707,0.32402614,0.58878976,0.46544752
480,0.3973684,0.3973684,0.49736843,0.49736843
481,0.37665772,0.30594707,0.5180791,0.58878976
482,0.30594707,0.37665772,0.58878976,0.5180791
483,0.3973684,0.45,0.49736843,0.55
484,0.37665772,0.35857862,0.5180791,0.6414214
485,0.30594707,0.4292893,0.58878976,0.57071066
486,0.3973684,0.5026316,0.49736843,0.6026316
487,0.37665772,0.41121024,0.5180791,0.694053
488,0.30594707,0.48192093,0.58878976,0.6233423
489,0.3973684,0.55526316,0.49736843,0.6552632
490,0.37665772,0.4638418,0.5180791,0.74668455
491,0.30594707,0.5345525,0.58878976,0.67597383
492,0.3973684,0.6078947,0.49736843,0.70789474
493,0.37665772,0.51647335,0.5180791,0.7993161
494,0.30594707,0.5871841,0.58878976,0.7286054
495,0.3973684,0.66052634,0.49736843,0.76052636
496,0.37665772,0.56910497,0.5180791,0.8519477
497,0.30594707,0.6398157,0.58878976,0.781237
498,0.3973684,0.7131579,0.49736843,0.8131579
499,0.37665772,0.6217365,0.5180791,0.9045793
500,0.30594707,0.69244725,0.58878976,0.83386856
501,0.3973684,0.7657895,0.49736843,0.86578953
502,0.37665772,0.67436814,0.5180791,0.9572109
503,0.30594707,0.74507886,0.58878976,0.8865002
504,0.3973684,0.81842107,0.49736843,0.9184211
505,0.37665772,0.7269997,0.5180791,1.0098424
506,0.30594707,0.7977104,0.58878976,0.93913174
507,0.3973684,0.8710526,0.49736843,0.97105265
508,0.37665772,0.77963126,0.5180791,1.062474
509,0.30594707,0.850342,0.58878976,0.9917633
510,0.3973684,0.92368424,0.49736843,1.0236843
511,0.37665772,0.8322629,0.5180791,1.1151056
512,0.30594707,0.9029736,0.58878976,1.044395
513,0.45,-0.023684211,0.55,0.07631579
514,0.4292893,-0.11510557,0.57071066,0.16773716
515,0.35857862,-0.04439489,0.6414214,0.09702647
516,0.45,0.028947365,0.55,0.12894736
517,0.4292893,-0.062473997,0.57071066,0.22036873
518,0.35857862,0.008236684,0.6414214,0.14965805
519,0.45,0.081578955,0.55,0.18157895
520,0.4292893,-0.009842411,0.57071066,0.2730003
521,0.35857862,0.06086827,0.6414214,0.20228964
522,0.45,0.13421053,0.55,0.23421052
523,0.4292893,0.04278916,0.57071066,0.3256319
524,0.35857862,0.11349984,0.6414214,0.2549212
525,0.45,0.18684211,0.55,0.2868421
526,0.4292893,0.09542075,0.57071066,0.37826347
527,0.35857862,0.16613144,0.6414214,0.30755278
528,0.45,0.23947369,0.55,0.3394737
529,0.4292893,0.14805232,0.57071066,0.43089503
530,0.35857862,0.218763,0.6414214,0.36018437
531,0.45,0.29210523,0.55,0.39210525
532,0.4292893,0.20068388,0.57071066,0.4835266
533,0.35857862,0.27139455,0.6414214,0.41281593
534,0.45,0.3447368,0.55,0.44473684
535,0.4292893,0.25331545,0.57071066,0.5361582
536,0.35857862,0.32402614,0.6414214,0.46544752
537,0.45,0.3973684,0.55,0.49736843
538,0.4292893,0.30594707,0.57071066,0.58878976
539,0.35857862,0.37665772,0.6414214,0.5180791
540,0.45,0.45,0.55,0.55
541,0.4292893,0.35857862,0.57071066,0.6414214
542,0.35857862,0.4292893,0.6414214,0.57071066
543,0.45,0.5026316,0.55,0.6026316
544,0.4292893,0.41121024,0.57071066,0.694053
545,0.35857862,0.48192093,0.6414214,0.6233423
546,0.45,0.55526316,0.55,0.6552632
547,0.4292893,0.4638418,0.57071066,0.74668455
548,0.35857862,0.5345525,0.6414214,0.67597383
549,0.45,0.6078947,0.55,0.70789474
550,0.4292893,0.51647335,0.57071066,0.7993161
551,0.35857862,0.5871841,0.6414214,0.7286054
552,0.45,0.66052634,0.55,0.76052636
553,0.4292893,0.56910497,0.57071066,0.8519477
554,0.35857862,0.6398157,0.6414214,0.781237
555,0.45,0.7131579,0.55,0.8131579
556,0.4292893,0.6217365,0.57071066,0.9045793
557,0.35857862,0.69244725,0.6414214,0.83386856
558,0.45,0.7657895,0.55,0.86578953
559,0.4292893,0.67436814,0.57071066,0.9572109
560,0.35857862,0.74507886,0.6414214,0.8865002
561,0.45,0.81842107,0.55,0.9184211
562,0.4292893,0.7269997,0.57071066,1.0098424
563,0.35857862,0.7977104,0.6414214,0.93913174
564,0.45,0.8710526,0.55,0.97105265
565,0.4292893,0.77963126,0.57071066,1.062474
566,0.35857862,0.850342,0.6414214,0.9917633
567,0.45,0.92368424,0.55,1.0236843
568,0.4292893,0.8322629,0.57071066,1.1151056
569,0.35857862,0.9029736,0.6414214,1.044395
570,0.5026316,-0.023684211,0.6026316,0.07631579
571,0.48192093,-0.11510557,0.6233423,0.16773716
572,0.41121024,-0.04439489,0.694053,0.09702647
573,0.5026316,0.028947365,0.6026316,0.12894736
574,0.48192093,-0.062473997,0.6233423,0.22036873
575,0.41121024,0.008236684,0.694053,0.14965805
576,0.5026316,0.081578955,0.6026316,0.18157895
577,0.48192093,-0.009842411,0.6233423,0.2730003
578,0.41121024,0.06086827,0.694053,0.20228964
579,0.5026316,0.13421053,0.6026316,0.23421052
580,0.48192093,0.04278916,0.6233423,0.3256319
581,0.41121024,0.11349984,0.694053,0.2549212
582,0.5026316,0.18684211,0.6026316,0.2868421
583,0.48192093,0.09542075,0.6233423,0.37826347
584,0.41121024,0.16613144,0.694053,0.30755278
585,0.5026316,0.23947369,0.6026316,0.3394737
586,0.48192093,0.14805232,0.6233423,0.43089503
587,0.41121024,0.218763,0.694053,0.36018437
588,0.5026316,0.29210523,0.6026316,0.39210525
589,0.48192093,0.20068388,0.6233423,0.4835266
590,0.41121024,0.27139455,0.694053,0.41281593
591,0.5026316,0.3447368,0.6026316,0.44473684
592,0.48192093,0.25331545,0.6233423,0.5361582
593,0.41121024,0.32402614,0.694053,0.46544752
594,0.5026316,0.3973684,0.6026316,0.49736843
595,0.48192093,0.30594707,0.6233423,0.58878976
596,0.41121024,0.37665772,0.694053,0.5180791
597,0.5026316,0.45,0.6026316,0.55
598,0.48192093,0.35857862,0.6233423,0.6414214
599,0.41121024,0.4292893,0.694053,0.57071066
600,0.5026316,0.5026316,0.6026316,0.6026316
601,0.48192093,0.41121024,0.6233423,0.694053
602,0.41121024,0.48192093,0.694053,0.6233423
603,0.5026316,0.55526316,0.6026316,0.6552632
604,0.48192093,0.4638418,0.6233423,0.74668455
605,0.41121024,0.5345525,0.694053,0.67597383
606,0.5026316,0.6078947,0.6026316,0.70789474
607,0.48192093,0.51647335,0.6233423,0.7993161
608,0.41121024,0.5871841,0.694053,0.7286054
609,0.5026316,0.66052634,0.6026316,0.76052636
610,0.48192093,0.56910497,0.6233423,0.8519477
611,0.41121024,0.6398157,0.694053,0.781237
612,0.5026316,0.7131579,0.6026316,0.8131579
613,0.48192093,0.6217365,0.6233423,0.9045793
614,0.41121024,0.69244725,0.694053,0.83386856
615,0.5026316,0.7657895,0.6026316,0.86578953
616,0.48192093,0.67436814,0.6233423,0.9572109
617,0.41121024,0.74507886,0.694053,0.8865002
618,0.5026316,0.81842107,0.6026316,0.9184211
619,0.48192093,0.7269997,0.6233423,1.0098424
620,0.41121024,0.7977104,0.694053,0.93913174
621,0.5026316,0.8710526,0.6026316,0.97105265
622,0.48192093,0.77963126,0.6233423,1.062474
623,0.41121024,0.850342,0.694053,0.9917633
624,0.5026316,0.92368424,0.6026316,1.0236843
625,0.48192093,0.8322629,0.6233423,1.1151056
626,0.41121024,0.9029736,0.694053,1.044395
627,0.55526316,-0.023684211,0.6552632,0.07631579
628,0.5345525,-0.11510557,0.67597383,0.16773716
629,0.4638418,-0.04439489,0.74668455,0.09702647
630,0.55526316,0.028947365,0.6552632,0.12894736
631,0.5345525,-0.062473997,0.67597383,0.22036873
632,0.4638418,0.008236684,0.74668455,0.14965805
633,0.55526316,0.081578955,0.6552632,0.18157895
634,0.5345525,-0.009842411,0.67597383,0.2730003
635,0.4638418,0.06086827,0.74668455,0.20228964
636,0.55526316,0.13421053,0.6552632,0.23421052
637,0.5345525,0.04278916,0.67597383,0.3256319
638,0.4638418,0.11349984,0.74668455,0.2549212
639,0.55526316,0.18684211,0.6552632,0.2868421
640,0.5345525,0.09542075,0.67597383,0.37826347
641,0.4638418,0.16613144,0.74668455,0.30755278
642,0.55526316,0.23947369,0.6552632,0.3394737
643,0.5345525,0.14805232,0.67597383,0.43089503
644,0.4638418,0.218763,0.74668455,0.36018437
645,0.55526316,0.29210523,0.6552632,0.39210525
646,0.5345525,0.20068388,0.67597383,0.4835266
647,0.4638418,0.27139455,0.74668455,0.41281593
648,0.55526316,0.3447368,0.6552632,0.44473684
649,0.5345525,0.25331545,0.67597383,0.5361582
650,0.4638418,0.32402614,0.74668455,0.46544752
651,0.55526316,0.3973684,0.6552632,0.49736843
652,0.5345525,0.30594707,0.67597383,0.58878976
653,0.4638418,0.37665772,0.74668455,0.5180791
654,0.55526316,0.45,0.6552632,0.55
655,0.5345525,0.35857862,0.67597383,0.6414214
656,0.4638418,0.4292893,0.74668455,0.57071066
657,0.55526316,0.5026316,0.6552632,0.6026316
658,0.5345525,0.41121024,0.67597383,0.694053
659,0.4638418,0.48192093,0.74668455,0.6233423
660,0.55526316,0.55526316,0.6552632,0.6552632
661,0.5345525,0.4638418,0.67597383,0.74668455
662,0.4638418,0.5345525,0.74668455,0.67597383
663,0.55526316,0.6078947,0.6552632,0.70789474
664,0.5345525,0.51647335,0.67597383,0.7993161
665,0.4638418,0.5871841,0.74668455,0.7286054
666,0.55526316,0.66052634,0.6552632,0.76052636
667,0.5345525,0.56910497,0.67597383,0.8519477
668,0.4638418,0.6398157,0.74668455,0.781237
669,0.55526316,0.7131579,0.6552632,0.8131579
670,0.5345525,0.6217365,0.67597383,0.9045793
671,0.4638418,0.69244725,0.74668455,0.83386856
672,0.55526316,0.7657895,0.6552632,0.86578953
673,0.5345525,0.67436814,0.67597383,0.9572109
674,0.4638418,0.74507886,0.74668455,0.8865002
675,0.55526316,0.81842107,0.6552632,0.9184211
676,0.5345525,0.7269997,0.67597383,1.0098424
677,0.4638418,0.7977104,0.74668455,0.93913174
678,0.55526316,0.8710526,0.6552632,0.97105265
679,0.5345525,0.77963126,0.67597383,1.062474
680,0.4638418,0.850342,0.74668455,0.9917633
681,0.55526316,0.92368424,0.6552632,1.0236843
682,0.5345525,0.8322629,0.67597383,1.1151056
683,0.4638418,0.9029736,0.74668455,1.044395
684,0.6078947,-0.023684211,0.70789474,0.07631579
685,0.5871841,-0.11510557,0.7286054,0.16773716
686,0.51647335,-0.04439489,0.7993161,0.09702647
687,0.6078947,0.028947365,0.70789474,0.12894736
688,0.5871841,-0.062473997,0.7286054,0.22036873
689,0.51647335,0.008236684,0.7993161,0.14965805
690,0.6078947,0.081578955,0.70789474,0.18157895
691,0.5871841,-0.009842411,0.7286054,0.2730003
692,0.51647335,0.06086827,0.7993161,0.20228964
693,0.6078947,0.13421053,0.70789474,0.23421052
694,0.5871841,0.04278916,0.7286054,0.3256319
695,0.51647335,0.11349984,0.7993161,0.2549212
696,0.6078947,0.18684211,0.70789474,0.2868421
697,0.5871841,0.09542075,0.7286054,0.37826347
698,0.51647335,0.16613144,0.7993161,0.30755278
699,0.6078947,0.23947369,0.70789474,0.3394737
700,0.5871841,0.14805232,0.7286054,0.43089503
701,0.51647335,0.218763,0.7993161,0.36018437
702,0.6078947,0.29210523,0.70789474,0.39210525
703,0.5871841,0.20068388,0.7286054,0.4835266
704,0.51647335,0.27139455,0.7993161,0.41281593
705,0.6078947,0.3447368,0.70789474,0.44473684
706,0.5871841,0.25331545,0.7286054,0.5361582
707,0.51647335,0.32402614,0.7993161,0.46544752
708,0.6078947,0.3973684,0.70789474,0.49736843
709,0.5871841,0.30594707,0.7286054,0.58878976
710,0.51647335,0.37665772,0.7993161,0.5180791
711,0.6078947,0.45,0.70789474,0.55
712,0.5871841,0.35857862,0.7286054,0.6414214
713,0.51647335,0.4292893,0.7993161,0.57071066
714,0.6078947,0.5026316,0.70789474,0.6026316
715,0.5871841,0.41121024,0.7286054,0.694053
716,0.51647335,0.48192093,0.7993161,0.6233423
717,0.6078947,0.55526316,0.70789474,0.6552632
718,0.5871841,0.4638418,0.7286054,0.74668455
719,0.51647335,0.5345525,0.7993161,0.67597383
720,0.6078947,0.6078947,0.70789474,0.70789474
721,0.5871841,0.51647335,0.7286054,0.7993161
722,0.51647335,0.5871841,0.7993161,0.7286054
723,0.6078947,0.66052634,0.70789474,0.76052636
724,0.5871841,0.56910497,0.7286054,0.8519477
725,0.51647335,0.6398157,0.7993161,0.781237
726,0.6078947,0.7131579,0.70789474,0.8131579
727,0.5871841,0.6217365,0.7286054,0.9045793
728,0.51647335,0.69244725,0.7993161,0.83386856
729,0.6078947,0.7657895,0.70789474,0.86578953
730,0.5871841,0.67436814,0.7286054,0.9572109
731,0.51647335,0.74507886,0.7993161,0.8865002
732,0.6078947,0.81842107,0.70789474,0.9184211
733,0.5871841,0.7269997,0.7286054,1.0098424
734,0.51647335,0.7977104,0.7993161,0.93913174
735,0.6078947,0.8710526,0.70789474,0.97105265
736,0.5871841,0.77963126,0.7286054,1.062474
737,0.51647335,0.850342,0.7993161,0.9917633
738,0.6078947,0.92368424,0.70789474,1.0236843
739,0.5871841,0.8322629,0.7286054,1.1151056
740,0.51647335,0.9029736,0.7993161,1.044395
741,0.66052634,-0.023684211,0.76052636,0.07631579
742,0.6398157,-0.11510557,0.781237,0.16773716
743,0.56910497,-0.04439489,0.8519477,0.09702647
744,0.66052634,0.028947365,0.76052636,0.12894736
745,0.6398157,-0.062473997,0.781237,0.22036873
746,0.56910497,0.008236684,0.8519477,0.14965805
747,0.66052634,0.081578955,0.76052636,0.18157895
748,0.6398157,-0.009842411,0.781237,0.2730003
749,0.56910497,0.06086827,0.8519477,0.20228964
750,0.66052634,0.13421053,0.76052636,0.23421052
751,0.6398157,0.04278916,0.781237,0.3256319
752,0.56910497,0.11349984,0.8519477,0.2549212
753,0.66052634,0.18684211,0.76052636,0.2868421
754,0.6398157,0.09542075,0.781237,0.37826347
755,0.56910497,0.16613144,0.8519477,0.30755278
756,0.66052634,0.23947369,0.76052636,0.3394737
757,0.6398157,0.14805232,0.781237,0.43089503
758,0.56910497,0.218763,0.8519477,0.36018437
759,0.66052634,0.29210523,0.76052636,0.39210525
760,0.6398157,0.20068388,0.781237,0.4835266
761,0.56910497,0.27139455,0.8519477,0.41281593
762,0.66052634,0.3447368,0.76052636,0.44473684
763,0.6398157,0.25331545,0.781237,0.5361582
764,0.56910497,0.32402614,0.8519477,0.46544752
765,0.66052634,0.3973684,0.76052636,0.49736843
766,0.6398157,0.30594707,0.781237,0.58878976
767,0.56910497,0.37665772,0.8519477,0.5180791
768,0.66052634,0.45,0.76052636,0.55
769,0.6398157,0.35857862,0.781237,0.6414214
770,0.56910497,0.4292893,0.8519477,0.57071066
771,0.66052634,0.5026316,0.76052636,0.6026316
772,0.6398157,0.41121024,0.781237,0.694053
773,0.56910497,0.48192093,0.8519477,0.6233423
774,0.66052634,0.55526316,0.76052636,0.6552632
775,0.6398157,0.4638418,0.781237,0.74668455
776,0.56910497,0.5345525,0.8519477,0.67597383
777,0.66052634,0.6078947,0.76052636,0.70789474
778,0.6398157,0.51647335,0.781237,0.7993161
779,0.56910497,0.5871841,0.8519477,0.7286054
780,0.66052634,0.66052634,0.76052636,0.76052636
781,0.6398157,0.56910497,0.781237,0.8519477
782,0.56910497,0.6398157,0.8519477,0.781237
783,0.66052634,0.7131579,0.76052636,0.8131579
784,0.6398157,0.6217365,0.781237,0.9045793
785,0.56910497,0.69244725,0.8519477,0.83386856
786,0.66052634,0.7657895,0.76052636,0.86578953
787,0.6398157,0.67436814,0.781237,0.9572109
788,0.56910497,0.74507886,0.8519477,0.8865002
789,0.66052634,0.81842107,0.76052636,0.9184211
790,0.6398157,0.7269997,0.781237,1.0098424
791,0.56910497,0.7977104,0.8519477,0.93913174
792,0.66052634,0.8710526,0.76052636,0.97105265
793,0.6398157,0.77963126,0.781237,1.062474
794,0.56910497,0.850342,0.8519477,0.9917633
795,0.66052634,0.92368424,0.76052636,1.0236843
796,0.6398157,0.8322629,0.781237,1.1151056
797,0.56910497,0.9029736,0.8519477,1.044395
798,0.7131579,-0.023684211,0.8131579,0.07631579
799,0.69244725,-0.11510557,0.83386856,0.16773716
800,0.6217365,-0.04439489,0.9045793,0.09702647
801,0.7131579,0.028947365,0.8131579,0.12894736
802,0.69244725,-0.062473997,0.83386856,0.22036873
803,0.6217365,0.008236684,0.9045793,0.14965805
804,0.7131579,0.081578955,0.8131579,0.18157895
805,0.69244725,-0.009842411,0.83386856,0.2730003
806,0.6217365,0.06086827,0.9045793,0.20228964
807,0.7131579,0.13421053,0.8131579,0.23421052
808,0.69244725,0.04278916,0.83386856,0.3256319
809,0.6217365,0.11349984,0.9045793,0.2549212
810,0.7131579,0.18684211,0.8131579,0.2868421
811,0.69244725,0.09542075,0.83386856,0.37826347
812,0.6217365,0.16613144,0.9045793,0.30755278
813,0.7131579,0.23947369,0.8131579,0.3394737
814,0.69244725,0.14805232,0.83386856,0.43089503
815,0.6217365,0.218763,0.9045793,0.36018437
816,0.7131579,0.29210523,0.8131579,0.39210525
817,0.69244725,0.20068388,0.83386856,0.4835266
818,0.6217365,0.27139455,0.9045793,0.41281593
819,0.7131579,0.3447368,0.8131579,0.44473684
820,0.69244725,0.25331545,0.83386856,0.5361582
821,0.6217365,0.32402614,0.9045793,0.46544752
822,0.7131579,0.3973684,0.8131579,0.49736843
823,0.69244725,0.30594707,0.83386856,0.58878976
824,0.6217365,0.37665772,0.9045793,0.5180791
825,0.7131579,0.45,0.8131579,0.55
826,0.69244725,0.35857862,0.83386856,0.6414214
827,0.6217365,0.4292893,0.9045793,0.57071066
828,0.7131579,0.5026316,0.8131579,0.6026316
829,0.69244725,0.41121024,0.83386856,0.694053
830,0.6217365,0.48192093,0.9045793,0.6233423
831,0.7131579,0.55526316,0.8131579,0.6552632
832,0.69244725,0.4638418,0.83386856,0.74668455
833,0.6217365,0.5345525,0.9045793,0.67597383
834,0.7131579,0.6078947,0.8131579,0.70789474
835,0.69244725,0.51647335,0.83386856,0.7993161
836,0.6217365,0.5871841,0.9045793,0.7286054
837,0.7131579,0.66052634,0.8131579,0.76052636
838,0.69244725,0.56910497,0.83386856,0.8519477
839,0.6217365,0.6398157,0.9045793,0.781237
840,0.7131579,0.7131579,0.8131579,0.8131579
841,0.69244725,0.6217365,0.83386856,0.9045793
842,0.6217365,0.69244725,0.9045793,0.83386856
843,0.7131579,0.7657895,0.8131579,0.86578953
844,0.69244725,0.67436814,0.83386856,0.9572109
845,0.6217365,0.74507886,0.9045793,0.8865002
846,0.7131579,0.81842107,0.8131579,0.9184211
847,0.69244725,0.7269997,0.83386856,1.0098424
848,0.6217365,0.7977104,0.9045793,0.93913174
849,0.7131579,0.8710526,0.8131579,0.97105265
850,0.69244725,0.77963126,0.83386856,1.062474
851,0.6217365,0.850342,0.9045793,0.9917633
852,0.7131579,0.92368424,0.8131579,1.0236843
853,0.69244725,0.8322629,0.83386856,1.1151056
854,0.6217365,0.9029736,0.9045793,1.044395
855,0.7657895,-0.023684211,0.86578953,0.07631579
856,0.74507886,-0.11510557,0.8865002,0.16773716
857,0.67436814,-0.04439489,0.9572109,0.09702647
858,0.7657895,0.028947365,0.86578953,0.12894736
859,0.74507886,-0.062473997,0.8865002,0.22036873
860,0.67436814,0.008236684,0.9572109,0.14965805
861,0.7657895,0.081578955,0.86578953,0.18157895
862,0.74507886,-0.009842411,0.8865002,0.2730003
863,0.67436814,0.06086827,0.9572109,0.20228964
864,0.7657895,0.13421053,0.86578953,0.23421052
865,0.74507886,0.04278916,0.8865002,0.3256319
866,0.67436814,0.11349984,0.9572109,0.2549212
867,0.7657895,0.18684211,0.86578953,0.2868421
868,0.74507886,0.09542075,0.8865002,0.37826347
869,0.67436814,0.16613144,0.9572109,0.30755278
870,0.7657895,0.23947369,0.86578953,0.3394737
871,0.74507886,0.14805232,0.8865002,0.43089503
872,0.67436814,0.218763,0.9572109,0.36018437
873,0.7657895,0.29210523,0.86578953,0.39210525
874,0.74507886,0.20068388,0.8865002,0.4835266
875,0.67436814,0.27139455,0.9572109,0.41281593
876,0.7657895,0.3447368,0.86578953,0.44473684
877,0.74507886,0.25331545,0.8865002,0.5361582
878,0.67436814,0.32402614,0.9572109,0.46544752
879,0.7657895,0.3973684,0.86578953,0.49736843
880,0.74507886,0.30594707,0.8865002,0.58878976
881,0.67436814,0.37665772,0.9572109,0.5180791
882,0.7657895,0.45,0.86578953,0.55
883,0.74507886,0.35857862,0.8865002,0.6414214
884,0.67436814,0.4292893,0.9572109,0.57071066
885,0.7657895,0.5026316,0.86578953,0.6026316
886,0.74507886,0.41121024,0.8865002,0.694053
887,0.67436814,0.48192093,0.9572109,0.6233423
888,0.7657895,0.55526316,0.86578953,0.6552632
889,0.74507886,0.4638418,0.8865002,0.74668455
890,0.67436814,0.5345525,0.9572109,0.67597383
891,0.7657895,0.6078947,0.86578953,0.70789474
892,0.74507886,0.51647335,0.8865002,0.7993161
893,0.67436814,0.5871841,0.9572109,0.7286054
894,0.7657895,0.66052634,0.86578953,0.76052636
895,0.74507886,0.56910497,0.8865002,0.8519477
896,0.67436814,0.6398157,0.9572109,0.781237
897,0.7657895,0.7131579,0.86578953,0.8131579
898,0.74507886,0.6217365,0.8865002,0.9045793
899,0.67436814,0.69244725,0.9572109,0.83386856
900,0.7657895,0.7657895,0.86578953,0.86578953
901,0.74507886,0.67436814,0.8865002,0.9572109
902,0.67436814,0.74507886,0.9572109,0.8865002
903,0.7657895,0.81842107,0.86578953,0.9184211
904,0.74507886,0.7269997,0.8865002,1.0098424
905,0.67436814,0.7977104,0.9572109,0.93913174
906,0.7657895,0.8710526,0.86578953,0.97105265
907,0.74507886,0.77963126,0.8865002,1.062474
908,0.67436814,0.850342,0.9572109,0.9917633
909,0.7657895,0.92368424,0.86578953,1.0236843
910,0.74507886,0.8322629,0.8865002,1.1151056
911,0.67436814,0.9029736,0.9572109,1.044395
912,0.81842107,-0.023684211,0.9184211,0.07631579
913,0.7977104,-0.11510557,0.93913174,0.16773716
914,0.7269997,-0.04439489,1.0098424,0.09702647
915,0.81842107,0.028947365,0.9184211,0.12894736
916,0.7977104,-0.062473997,0.93913174,0.22036873
917,0.7269997,0.008236684,1.0098424,0.14965805
918,0.81842107,0.081578955,0.9184211,0.18157895
919,0.7977104,-0.009842411,0.93913174,0.2730003
920,0.7269997,0.06086827,1.0098424,0.20228964
921,0.81842107,0.13421053,0.9184211,0.23421052
922,0.7977104,0.04278916,0.93913174,0.3256319
923,0.7269997,0.11349984,1.0098424,0.2549212
924,0.81842107,0.18684211,0.9184211,0.2868421
925,0.7977104,0.09542075,0.93913174,0.37826347
926,0.7269997,0.16613144,1.0098424,0.30755278
927,0.81842107,0.23947369,0.9184211,0.3394737
928,0.7977104,0.14805232,0.93913174,0.43089503
929,0.7269997,0.218763,1.0098424,0.36018437
930,0.81842107,0.29210523,0.9184211,0.39210525
931,0.7977104,0.20068388,0.93913174,0.4835266
932,0.7269997,0.27139455,1.0098424,0.41281593
933,0.81842107,0.3447368,0.9184211,0.44473684
934,0.7977104,0.25331545,0.93913174,0.5361582
935,0.7269997,0.32402614,1.0098424,0.46544752
936,0.81842107,0.3973684,0.9184211,0.49736843
937,0.7977104,0.30594707,0.93913174,0.58878976
938,0.7269997,0.37665772,1.0098424,0.5180791
939,0.81842107,0.45,0.9184211,0.55
940,0.7977104,0.35857862,0.93913174,0.6414214
941,0.7269997,0.4292893,1.0098424,0.57071066
942,0.81842107,0.5026316,0.9184211,0.6026316
943,0.7977104,0.41121024,0.93913174,0.694053
944,0.7269997,0.48192093,1.0098424,0.6233423
945,0.81842107,0.55526316,0.9184211,0.6552632
946,0.7977104,0.4638418,0.93913174,0.74668455
947,0.7269997,0.5345525,1.0098424,0.67597383
948,0.81842107,0.6078947,0.9184211,0.70789474
949,0.7977104,0.51647335,0.93913174,0.7993161
950,0.7269997,0.5871841,1.0098424,0.7286054
951,0.81842107,0.66052634,0.9184211,0.76052636
952,0.7977104,0.56910497,0.93913174,0.8519477
953,0.7269997,0.6398157,1.0098424,0.781237
954,0.81842107,0.7131579,0.9184211,0.8131579
955,0.7977104,0.6217365,0.93913174,0.9045793
956,0.7269997,0.69244725,1.0098424,0.83386856
957,0.81842107,0.7657895,0.9184211,0.86578953
958,0.7977104,0.67436814,0.93913174,0.9572109
959,0.7269997,0.74507886,1.0098424,0.8865002
960,0.81842107,0.81842107,0.9184211,0.9184211
961,0.7977104,0.7269997,0.93913174,1.0098424
962,0.7269997,0.7977104,1.0098424,0.93913174
963,0.81842107,0.8710526,0.9184211,0.97105265
964,0.7977104,0.77963126,0.93913174,1.062474
965,0.7269997,0.850342,1.0098424,0.9917633
966,0.81842107,0.92368424,0.9184211,1.0236843
967,0.7977104,0.8322629,0.93913174,1.1151056
968,0.7269997,0.9029736,1.0098424,1.044395
969,0.8710526,-0.023684211,0.97105265,0.07631579
970,0.850342,-0.11510557,0.9917633,0.16773716
971,0.77963126,-0.04439489,1.062474,0.09702647
972,0.8710526,0.028947365,0.97105265,0.12894736
973,0.850342,-0.062473997,0.9917633,0.22036873
974,0.77963126,0.008236684,1.062474,0.14965805
975,0.8710526,0.081578955,0.97105265,0.18157895
976,0.850342,-0.009842411,0.9917633,0.2730003
977,0.77963126,0.06086827,1.062474,0.20228964
978,0.8710526,0.13421053,0.97105265,0.23421052
979,0.850342,0.04278916,0.9917633,0.3256319
980,0.77963126,0.11349984,1.062474,0.2549212
981,0.8710526,0.18684211,0.97105265,0.2868421
982,0.850342,0.09542075,0.9917633,0.37826347
983,0.77963126,0.16613144,1.062474,0.30755278
984,0.8710526,0.23947369,0.97105265,0.3394737
985,0.850342,0.14805232,0.9917633,0.43089503
986,0.77963126,0.218763,1.062474,0.36018437
987,0.8710526,0.29210523,0.97105265,0.39210525
988,0.850342,0.20068388,0.9917633,0.4835266
989,0.77963126,0.27139455,1.062474,0.41281593
990,0.8710526,0.3447368,0.97105265,0.44473684
991,0.850342,0.25331545,0.9917633,0.5361582
992,0.77963126,0.32402614,1.062474,0.46544752
993,0.8710526,0.3973684,0.97105265,0.49736843
994,0.850342,0.30594707,0.9917633,0.58878976
995,0.77963126,0.37665772,1.062474,0.5180791
996,0.8710526,0.45,0.97105265,0.55
997,0.850342,0.35857862,0.9917633,0.6414214
998,0.77963126,0.4292893,1.062474,0.57071066
999,0.8710526,0.5026316,0.97105265,0.6026316
1000,0.850342,0.41121024,0.9917633,0.694053
1001,0.77963126,0.48192093,1.062474,0.6233423
1002,0.8710526,0.55526316,0.97105265,0.6552632
1003,0.850342,0.4638418,0.9917633,0.74668455
1004,0.77963126,0.5345525,1.062474,0.67597383
1005,0.8710526,0.6078947,0.97105265,0.70789474
1006,0.850342,0.51647335,0.9917633,0.7993161
1007,0.77963126,0.5871841,1.062474,0.7286054
1008,0.8710526,0.66052634,0.97105265,0.76052636
1009,0.850342,0.56910497,0.9917633,0.8519477
1010,0.77963126,0.6398157,1.062474,0.781237
1011,0.8710526,0.7131579,0.97105265,0.8131579
1012,0.850342,0.6217365,0.9917633,0.9045793
1013,0.77963126,0.69244725,1.062474,0.83386856
1014,0.8710526,0.7657895,0.97105265,0.86578953
1015,0.850342,0.67436814,0.9917633,0.9572109
1016,0.77963126,0.74507886,1.062474,0.8865002
1017,0.8710526,0.81842107,0.97105265,0.9184211
1018,0.850342,0.7269997,0.9917633,1.0098424
1019,0.77963126,0.7977104,1.062474,0.93913174
1020,0.8710526,0.8710526,0.97105265,0.97105265
1021,0.850342,0.77963126,0.9917633,1.062474
1022,0.77963126,0.850342,1.062474,0.9917633
1023,0.8710526,0.92368424,0.97105265,1.0236843
1024,0.850342,0.8322629,0.9917633,1.1151056
1025,0.77963126,0.9029736,1.062474,1.044395
1026,0.92368424,-0.023684211,1.0236843,0.07631579
1027,0.9029736,-0.11510557,1.044395,0.16773716
1028,0.8322629,-0.04439489,1.1151056,0.09702647
1029,0.92368424,0.028947365,1.0236843,0.12894736
1030,0.9029736,-0.062473997,1.044395,0.22036873
1031,0.8322629,0.008236684,1.1151056,0.14965805
1032,0.92368424,0.081578955,1.0236843,0.18157895
1033,0.9029736,-0.009842411,1.044395,0.2730003
1034,0.8322629,0.06086827,1.1151056,0.20228964
1035,0.92368424,0.13421053,1.0236843,0.23421052
1036,0.9029736,0.04278916,1.044395,0.3256319
1037,0.8322629,0.11349984,1.1151056,0.2549212
1038,0.92368424,0.18684211,1.0236843,0.2868421
1039,0.9029736,0.09542075,1.044395,0.37826347
1040,0.8322629,0.16613144,1.1151056,0.30755278
1041,0.92368424,0.23947369,1.0236843,0.3394737
1042,0.9029736,0.14805232,1.044395,0.43089503
1043,0.8322629,0.218763,1.1151056,0.36018437
1044,0.92368424,0.29210523,1.0236843,0.39210525
1045,0.9029736,0.20068388,1.044395,0.4835266
1046,0.8322629,0.27139455,1.1151056,0.41281593
1047,0.92368424,0.3447368,1.0236843,0.44473684
1048,0.9029736,0.25331545,1.044395,0.5361582
1049,0.8322629,0.32402614,1.1151056,0.46544752
1050,0.92368424,0.3973684,1.0236843,0.49736843
1051,0.9029736,0.30594707,1.044395,0.58878976
1052,0.8322629,0.37665772,1.1151056,0.5180791
1053,0.92368424,0.45,1.0236843,0.55
1054,0.9029736,0.35857862,1.044395,0.6414214
1055,0.8322629,0.4292893,1.1151056,0.57071066
1056,0.92368424,0.5026316,1.0236843,0.6026316
1057,0.9029736,0.41121024,1.044395,0.694053
1058,0.8322629,0.48192093,1.1151056,0.6233423
1059,0.92368424,0.55526316,1.0236843,0.6552632
1060,0.9029736,0.4638418,1.044395,0.74668455
1061,0.8322629,0.5345525,1.1151056,0.67597383
1062,0.92368424,0.6078947,1.0236843,0.70789474
1063,0.9029736,0.51647335,1.044395,0.7993161
1064,0.8322629,0.5871841,1.1151056,0.7286054
1065,0.92368424,0.66052634,1.0236843,0.76052636
1066,0.9029736,0.56910497,1.044395,0.8519477
1067,0.8322629,0.6398157,1.1151056,0.781237
1068,0.92368424,0.7131579,1.0236843,0.8131579
1069,0.9029736,0.6217365,1.044395,0.9045793
1070,0.8322629,0.69244725,1.1151056,0.83386856
1071,0.92368424,0.7657895,1.0236843,0.86578953
1072,0.9029736,0.67436814,1.044395,0.9572109
1073,0.8322629,0.74507886,1.1151056,0.8865002
1074,0.92368424,0.81842107,1.0236843,0.9184211
1075,0.9029736,0.7269997,1.044395,1.0098424
1076,0.8322629,0.7977104,1.1151056,0.93913174
1077,0.92368424,0.8710526,1.0236843,0.97105265
1078,0.9029736,0.77963126,1.044395,1.062474
1079,0.8322629,0.850342,1.1151056,0.9917633
1080,0.92368424,0.92368424,1.0236843,1.0236843
1081,0.9029736,0.8322629,1.044395,1.1151056
1082,0.8322629,0.9029736,1.1151056,1.044395
1083,-0.125,-0.125,0.225,0.225
1084,-0.073743686,-0.19748737,0.17374368,0.29748738
1085,-0.19748737,-0.073743686,0.29748738,0.17374368
1086,-0.051036295,-0.25310886,0.15103629,0.35310888
1087,-0.25312403,-0.051031243,0.35312405,0.15103124
1088,-0.15916501,-0.15916501,0.25916502,0.25916502
1089,-0.125,-0.024999991,0.225,0.325
1090,-0.073743686,-0.09748736,0.17374368,0.39748737
1091,-0.19748737,0.026256323,0.29748738,0.2737437
1092,-0.051036295,-0.15310887,0.15103629,0.45310888
1093,-0.25312403,0.048968762,0.35312405,0.25103125
1094,-0.15916501,-0.059165,0.25916502,0.359165
1095,-0.125,0.075,0.225,0.425
1096,-0.073743686,0.0025126338,0.17374368,0.49748737
1097,-0.19748737,0.12625632,0.29748738,0.37374368
1098,-0.051036295,-0.05310887,0.15103629,0.5531089
1099,-0.25312403,0.14896876,0.35312405,0.35103124
1100,-0.15916501,0.040834993,0.25916502,0.459165
1101,-0.125,0.17500003,0.225,0.52500004
1102,-0.073743686,0.10251266,0.17374368,0.5974874
1103,-0.19748737,0.22625634,0.29748738,0.4737437
1104,-0.051036295,0.046891153,0.15103629,0.6531089
1105,-0.25312403,0.24896878,0.35312405,0.45103127
1106,-0.15916501,0.14083502,0.25916502,0.559165
1107,-0.125,0.27500004,0.225,0.625
1108,-0.073743686,0.20251265,0.17374368,0.69748735
1109,-0.19748737,0.32625633,0.29748738,0.5737437
1110,-0.051036295,0.14689115,0.15103629,0.75310886
1111,-0.25312403,0.34896877,0.35312405,0.55103123
1112,-0.15916501,0.24083501,0.25916502,0.659165
1113,-0.125,0.375,0.225,0.725
1114,-0.073743686,0.30251265,0.17374368,0.7974874
1115,-0.19748737,0.42625633,0.29748738,0.6737437
1116,-0.051036295,0.24689114,0.15103629,0.8531089
1117,-0.25312403,0.44896877,0.35312405,0.65103126
1118,-0.15916501,0.340835,0.25916502,0.75916505
1119,-0.125,0.47500002,0.225,0.82500005
1120,-0.073743686,0.40251267,0.17374368,0.8974874
1121,-0.19748737,0.5262563,0.29748738,0.77374375
1122,-0.051036295,0.34689116,0.15103629,0.9531089
1123,-0.25312403,0.5489688,0.35312405,0.7510313
1124,-0.15916501,0.44083503,0.25916502,0.8591651
1125,-0.125,0.575,0.225,0.925
1126,-0.073743686,0.50251263,0.17374368,0.99748737
1127,-0.19748737,0.62625635,0.29748738,0.87374365
1128,-0.051036295,0.44689113,0.15103629,1.0531089
1129,-0.25312403,0.64896876,0.35312405,0.85103124
1130,-0.15916501,0.540835,0.25916502,0.959165
1131,-0.125,0.675,0.225,1.025
1132,-0.073743686,0.60251266,0.17374368,1.0974874
1133,-0.19748737,0.7262564,0.29748738,0.9737437
1134,-0.051036295,0.54689115,0.15103629,1.1531088
1135,-0.25312403,0.7489688,0.35312405,0.95103127
1136,-0.15916501,0.64083505,0.25916502,1.059165
1137,-0.125,0.77500004,0.225,1.125
1138,-0.073743686,0.7025127,0.17374368,1.1974874
1139,-0.19748737,0.8262564,0.29748738,1.0737437
1140,-0.051036295,0.6468912,0.15103629,1.253109
1141,-0.25312403,0.8489688,0.35312405,1.0510314
1142,-0.15916501,0.7408351,0.25916502,1.159165
1143,-0.024999991,-0.125,0.325,0.225
1144,0.026256323,-0.19748737,0.2737437,0.29748738
1145,-0.09748736,-0.073743686,0.39748737,0.17374368
1146,0.04896371,-0.25310886,0.2510363,0.35310888
1147,-0.15312403,-0.051031243,0.45312405,0.15103124
1148,-0.059165,-0.15916501,0.359165,0.25916502
1149,-0.024999991,-0.024999991,0.325,0.325
1150,0.026256323,-0.09748736,0.2737437,0.39748737
1151,-0.09748736,0.026256323,0.39748737,0.2737437
1152,0.04896371,-0.15310887,0.2510363,0.45310888
1153,-0.15312403,0.048968762,0.45312405,0.25103125
1154,-0.059165,-0.059165,0.359165,0.359165
1155,-0.024999991,0.075,0.325,0.425
1156,0.026256323,0.0025126338,0.2737437,0.49748737
1157,-0.09748736,0.12625632,0.39748737,0.37374368
1158,0.04896371,-0.05310887,0.2510363,0.5531089
1159,-0.15312403,0.14896876,0.45312405,0.35103124
1160,-0.059165,0.040834993,0.359165,0.459165
1161,-0.024999991,0.17500003,0.325,0.52500004
1162,0.026256323,0.10251266,0.2737437,0.5974874
1163,-0.09748736,0.22625634,0.39748737,0.4737437
1164,0.04896371,0.046891153,0.2510363,0.6531089
1165,-0.15312403,0.24896878,0.45312405,0.45103127
1166,-0.059165,0.14083502,0.359165,0.559165
1167,-0.024999991,0.27500004,0.325,0.625
1168,0.026256323,0.20251265,0.2737437,0.69748735
1169,-0.09748736,0.32625633,0.39748737,0.5737437
1170,0.04896371,0.14689115,0.2510363,0.75310886
1171,-0.15312403,0.34896877,0.45312405,0.55103123
1172,-0.059165,0.24083501,0.359165,0.659165
1173,-0.024999991,0.375,0.325,0.725
1174,0.026256323,0.30251265,0.2737437,0.7974874
1175,-0.09748736,0.42625633,0.39748737,0.6737437
1176,0.04896371,0.24689114,0.2510363,0.8531089
1177,-0.15312403,0.44896877,0.45312405,0.65103126
1178,-0.059165,0.340835,0.359165,0.75916505
1179,-0.024999991,0.47500002,0.325,0.82500005
1180,0.026256323,0.40251267,0.2737437,0.8974874
1181,-0.09748736,0.5262563,0.39748737,0.77374375
1182,0.04896371,0.34689116,0.2510363,0.9531089
1183,-0.15312403,0.5489688,0.45312405,0.7510313
1184,-0.059165,0.44083503,0.359165,0.8591651
1185,-0.024999991,0.575,0.325,0.925
1186,0.026256323,0.50251263,0.2737437,0.99748737
1187,-0.09748736,0.62625635,0.39748737,0.87374365
1188,0.04896371,0.44689113,0.2510363,1.0531089
1189,-0.15312403,0.64896876,0.45312405,0.85103124
1190,-0.059165,0.540835,0.359165,0.959165
1191,-0.024999991,0.675,0.325,1.025
1192,0.026256323,0.60251266,0.2737437,1.0974874
1193,-0.09748736,0.7262564,0.39748737,0.9737437
1194,0.04896371,0.54689115,0.2510363,1.1531088
1195,-0.15312403,0.7489688,0.45312405,0.95103127
1196,-0.059165,0.64083505,0.359165,1.059165
1197,-0.024999991,0.77500004,0.325,1.125
1198,0.026256323,0.7025127,0.2737437,1.1974874
1199,-0.09748736,0.8262564,0.39748737,1.0737437
1200,0.04896371,0.6468912,0.2510363,1.253109
1201,-0.15312403,0.8489688,0.45312405,1.0510314
1202,-0.059165,0.7408351,0.359165,1.159165
1203,0.075,-0.125,0.425,0.225
1204,0.12625632,-0.19748737,0.37374368,0.29748738
1205,0.0025126338,-0.073743686,0.49748737,0.17374368
1206,0.1489637,-0.25310886,0.3510363,0.35310888
1207,-0.05312404,-0.051031243,0.55312407,0.15103124
1208,0.040834993,-0.15916501,0.459165,0.25916502
1209,0.075,-0.024999991,0.425,0.325
1210,0.12625632,-0.09748736,0.37374368,0.39748737
1211,0.0025126338,0.026256323,0.49748737,0.2737437
1212,0.1489637,-0.15310887,0.3510363,0.45310888
1213,-0.05312404,0.048968762,0.55312407,0.25103125
1214,0.040834993,-0.059165,0.459165,0.359165
1215,0.075,0.075,0.425,0.425
1216,0.12625632,0.0025126338,0.37374368,0.49748737
1217,0.0025126338,0.12625632,0.49748737,0.37374368
1218,0.1489637,-0.05310887,0.3510363,0.5531089
1219,-0.05312404,0.14896876,0.55312407,0.35103124
1220,0.040834993,0.040834993,0.459165,0.459165
1221,0.075,0.17500003,0.425,0.52500004
1222,0.12625632,0.10251266,0.37374368,0.5974874
1223,0.0025126338,0.22625634,0.49748737,0.4737437
1224,0.1489637,0.046891153,0.3510363,0.6531089
1225,-0.05312404,0.24896878,0.55312407,0.45103127
1226,0.040834993,0.14083502,0.459165,0.559165
1227,0.075,0.27500004,0.425,0.625
1228,0.12625632,0.20251265,0.37374368,0.69748735
1229,0.0025126338,0.32625633,0.49748737,0.5737437
1230,0.1489637,0.14689115,0.3510363,0.75310886
1231,-0.05312404,0.34896877,0.55312407,0.55103123
1232,0.040834993,0.24083501,0.459165,0.659165
1233,0.075,0.375,0.425,0.725
1234,0.12625632,0.30251265,0.37374368,0.7974874
1235,0.0025126338,0.42625633,0.49748737,0.6737437
1236,0.1489637,0.24689114,0.3510363,0.8531089
1237,-0.05312404,0.44896877,0.55312407,0.65103126
1238,0.040834993,0.340835,0.459165,0.75916505
1239,0.075,0.47500002,0.425,0.82500005
1240,0.12625632,0.40251267,0.37374368,0.8974874
1241,0.0025126338,0.5262563,0.49748737,0.77374375
1242,0.1489637,0.34689116,0.3510363,0.9531089
1243,-0.05312404,0.5489688,0.55312407,0.7510313
1244,0.040834993,0.44083503,0.459165,0.8591651
1245,0.075,0.575,0.425,0.925
1246,0.12625632,0.50251263,0.37374368,0.99748737
1247,0.0025126338,0.62625635,0.49748737,0.87374365
1248,0.1489637,0.44689113,0.3510363,1.0531089
1249,-0.05312404,0.64896876,0.55312407,0.85103124
1250,0.040834993,0.540835,0.459165,0.959165
1251,0.075,0.675,0.425,1.025
1252,0.12625632,0.60251266,0.37374368,1.0974874
1253,0.0025126338,0.7262564,0.49748737,0.9737437
1254,0.1489637,0.54689115,0.3510363,1.1531088
1255,-0.05312404,0.7489688,0.55312407,0.95103127
1256,0.040834993,0.64083505,0.459165,1.059165
1257,0.075,0.77500004,0.425,1.125
1258,0.12625632,0.7025127,0.37374368,1.1974874
1259,0.0025126338,0.8262564,0.49748737,1.0737437
1260,0.1489637,0.6468912,0.3510363,1.253109
1261,-0.05312404,0.8489688,0.55312407,1.0510314
1262,0.040834993,0.7408351,0.459165,1.159165
1263,0.17500003,-0.125,0.52500004,0.225
1264,0.22625634,-0.19748737,0.4737437,0.29748738
1265,0.10251266,-0.073743686,0.5974874,0.17374368
1266,0.24896373,-0.25310886,0.45103633,0.35310888
1267,0.046875983,-0.051031243,0.6531241,0.15103124
1268,0.14083502,-0.15916501,0.559165,0.25916502
1269,0.17500003,-0.024999991,0.52500004,0.325
1270,0.22625634,-0.09748736,0.4737437,0.39748737
1271,0.10251266,0.026256323,0.5974874,0.2737437
1272,0.24896373,-0.15310887,0.45103633,0.45310888
1273,0.046875983,0.048968762,0.6531241,0.25103125
1274,0.14083502,-0.059165,0.559165,0.359165
1275,0.17500003,0.075,0.52500004,0.425
1276,0.22625634,0.0025126338,0.4737437,0.49748737
1277,0.10251266,0.12625632,0.5974874,0.37374368
1278,0.24896373,-0.05310887,0.45103633,0.5531089
1279,0.046875983,0.14896876,0.6531241,0.35103124
1280,0.14083502,0.040834993,0.559165,0.459165
1281,0.17500003,0.17500003,0.52500004,0.52500004
1282,0.22625634,0.10251266,0.4737437,0.5974874
1283,0.10251266,0.22625634,0.5974874,0.4737437
1284,0.24896373,0.046891153,0.45103633,0.6531089
1285,0.046875983,0.24896878,0.6531241,0.45103127
1286,0.14083502,0.14083502,0.559165,0.559165
1287,0.17500003,0.27500004,0.52500004,0.625
1288,0.22625634,0.20251265,0.4737437,0.69748735
1289,0.10251266,0.32625633,0.5974874,0.5737437
1290,0.24896373,0.14689115,0.45103633,0.75310886
1291,0.046875983,0.34896877,0.6531241,0.55103123
1292,0.14083502,0.24083501,0.559165,0.659165
1293,0.17500003,0.375,0.52500004,0.725
1294,0.22625634,0.30251265,0.4737437,0.7974874
1295,0.10251266,0.42625633,0.5974874,0.6737437
1296,0.24896373,0.24689114,0.45103633,0.8531089
1297,0.046875983,0.44896877,0.6531241,0.65103126
1298,0.14083502,0.340835,0.559165,0.75916505
1299,0.17500003,0.47500002,0.52500004,0.82500005
1300,0.22625634,0.40251267,0.4737437,0.8974874
1301,0.10251266,0.5262563,0.5974874,0.77374375
1302,0.24896373,0.34689116,0.45103633,0.9531089
1303,0.046875983,0.5489688,0.6531241,0.7510313
1304,0.14083502,0.44083503,0.559165,0.8591651
1305,0.17500003,0.575,0.52500004,0.925
1306,0.22625634,0.50251263,0.4737437,0.99748737
1307,0.10251266,0.62625635,0.5974874,0.87374365
1308,0.24896373,0.44689113,0.45103633,1.0531089
1309,0.046875983,0.64896876,0.6531241,0.85103124
1310,0.14083502,0.540835,0.559165,0.959165
1311,0.17500003,0.675,0.52500004,1.025
1312,0.22625634,0.60251266,0.4737437,1.0974874
1313,0.10251266,0.7262564,0.5974874,0.9737437
1314,0.24896373,0.54689115,0.45103633,1.1531088
1315,0.046875983,0.7489688,0.6531241,0.95103127
1316,0.14083502,0.64083505,0.559165,1.059165
1317,0.17500003,0.77500004,0.52500004,1.125
1318,0.22625634,0.7025127,0.4737437,1.1974874
1319,0.10251266,0.8262564,0.5974874,1.0737437
1320,0.24896373,0.6468912,0.45103633,1.253109
1321,0.046875983,0.8489688,0.6531241,1.0510314
1322,0.14083502,0.7408351,0.559165,1.159165
1323,0.27500004,-0.125,0.625,0.225
1324,0.32625633,-0.19748737,0.5737437,0.29748738
1325,0.20251265,-0.073743686,0.69748735,0.17374368
1326,0.34896374,-0.25310886,0.5510363,0.35310888
1327,0.14687598,-0.051031243,0.75312406,0.15103124
1328,0.24083501,-0.15916501,0.659165,0.25916502
1329,0.27500004,-0.024999991,0.625,0.325
1330,0.32625633,-0.09748736,0.5737437,0.39748737
1331,0.20251265,0.026256323,0.69748735,0.2737437
1332,0.34896374,-0.15310887,0.5510363,0.45310888
1333,0.14687598,0.048968762,0.75312406,0.25103125
1334,0.24083501,-0.059165,0.659165,0.359165
1335,0.27500004,0.075,0.625,0.425
1336,0.32625633,0.0025126338,0.5737437,0.49748737
1337,0.20251265,0.12625632,0.69748735,0.37374368
1338,0.34896374,-0.05310887,0.5510363,0.5531089
1339,0.14687598,0.14896876,0.75312406,0.35103124
1340,0.24083501,0.040834993,0.659165,0.459165
1341,0.27500004,0.17500003,0.625,0.52500004
1342,0.32625633,0.10251266,0.5737437,0.5974874
1343,0.20251265,0.22625634,0.69748735,0.4737437
1344,0.34896374,0.046891153,0.5510363,0.6531089
1345,0.14687598,0.24896878,0.75312406,0.45103127
1346,0.24083501,0.14083502,0.659165,0.559165
1347,0.27500004,0.27500004,0.625,0.625
1348,0.32625633,0.20251265,0.5737437,0.69748735
1349,0.20251265,0.32625633,0.69748735,0.5737437
1350,0.34896374,0.14689115,0.5510363,0.75310886
1351,0.14687598,0.34896877,0.75312406,0.55103123
1352,0.24083501,0.24083501,0.659165,0.659165
1353,0.27500004,0.375,0.625,0.725
1354,0.32625633,0.30251265,0.5737437,0.7974874
1355,0.20251265,0.42625633,0.69748735,0.6737437
1356,0.34896374,0.24689114,0.5510363,0.8531089
1357,0.14687598,0.44896877,0.75312406,0.65103126
1358,0.24083501,0.340835,0.659165,0.75916505
1359,0.27500004,0.47500002,0.625,0.82500005
1360,0.32625633,0.40251267,0.5737437,0.8974874
1361,0.20251265,0.5262563,0.69748735,0.77374375
1362,0.34896374,0.34689116,0.5510363,0.9531089
1363,0.14687598,0.5489688,0.75312406,0.7510313
1364,0.24083501,0.44083503,0.659165,0.8591651
1365,0.27500004,0.575,0.625,0.925
1366,0.32625633,0.50251263,0.5737437,0.99748737
1367,0.20251265,0.62625635,0.69748735,0.87374365
1368,0.34896374,0.44689113,0.5510363,1.0531089
1369,0.14687598,0.64896876,0.75312406,0.85103124
1370,0.24083501,0.540835,0.659165,0.959165
1371,0.27500004,0.675,0.625,1.025
1372,0.32625633,0.60251266,0.5737437,1.0974874
1373,0.20251265,0.7262564,0.69748735,0.9737437
1374,0.34896374,0.54689115,0.5510363,1.1531088
1375,0.14687598,0.7489688,0.75312406,0.95103127
1376,0.24083501,0.64083505,0.659165,1.059165
1377,0.27500004,0.77500004,0.625,1.125
1378,0.32625633,0.7025127,0.5737437,1.1974874
1379,0.20251265,0.8262564,0.69748735,1.0737437
1380,0.34896374,0.6468912,0.5510363,1.253109
1381,0.14687598,0.8489688,0.75312406,1.0510314
1382,0.24083501,0.7408351,0.659165,1.159165
1383,0.375,-0.125,0.725,0.225
1384,0.42625633,-0.19748737,0.6737437,0.29748738
1385,0.30251265,-0.073743686,0.7974874,0.17374368
1386,0.4489637,-0.25310886,0.6510363,0.35310888
1387,0.24687597,-0.051031243,0.853124,0.15103124
1388,0.340835,-0.15916501,0.75916505,0.25916502
1389,0.375,-0.024999991,0.725,0.325
1390,0.42625633,-0.09748736,0.6737437,0.39748737
1391,0.30251265,0.026256323,0.7974874,0.2737437
1392,0.4489637,-0.15310887,0.6510363,0.45310888
1393,0.24687597,0.048968762,0.853124,0.25103125
1394,0.340835,-0.059165,0.75916505,0.359165
1395,0.375,0.075,0.725,0.425
1396,0.42625633,0.0025126338,0.6737437,0.49748737
1397,0.30251265,0.12625632,0.7974874,0.37374368
1398,0.4489637,-0.05310887,0.6510363,0.5531089
1399,0.24687597,0.14896876,0.853124,0.35103124
1400,0.340835,0.040834993,0.75916505,0.459165
1401,0.375,0.17500003,0.725,0.52500004
1402,0.42625633,0.10251266,0.6737437,0.5974874
1403,0.30251265,0.22625634,0.7974874,0.4737437
1404,0.4489637,0.046891153,0.6510363,0.6531089
1405,0.24687597,0.24896878,0.853124,0.45103127
1406,0.340835,0.14083502,0.75916505,0.559165
1407,0.375,0.27500004,0.725,0.625
1408,0.42625633,0.20251265,0.6737437,0.69748735
1409,0.30251265,0.32625633,0.7974874,0.5737437
1410,0.4489637,0.14689115,0.6510363,0.75310886
1411,0.24687597,0.34896877,0.853124,0.55103123
1412,0.340835,0.24083501,0.75916505,0.659165
1413,0.375,0.375,0.725,0.725
1414,0.42625633,0.30251265,0.6737437,0.7974874
1415,0.30251265,0.42625633,0.7974874,0.6737437
1416,0.4489637,0.24689114,0.6510363,0.8531089
1417,0.24687597,0.44896877,0.853124,0.65103126
1418,0.340835,0.340835,0.75916505,0.75916505
1419,0.375,0.47500002,0.725,0.82500005
1420,0.42625633,0.40251267,0.6737437,0.8974874
1421,0.30251265,0.5262563,0.7974874,0.77374375
1422,0.4489637,0.34689116,0.6510363,0.9531089
1423,0.24687597,0.5489688,0.853124,0.7510313
1424,0.340835,0.44083503,0.75916505,0.8591651
1425,0.375,0.575,0.725,0.925
1426,0.42625633,0.50251263,0.6737437,0.99748737
1427,0.30251265,0.62625635,0.7974874,0.87374365
1428,0.4489637,0.44689113,0.6510363,1.0531089
1429,0.24687597,0.64896876,0.853124,0.85103124
1430,0.340835,0.540835,0.75916505,0.959165
1431,0.375,0.675,0.725,1.025
1432,0.42625633,0.60251266,0.6737437,1.0974874
1433,0.30251265,0.7262564,0.7974874,0.9737437
1434,0.4489637,0.54689115,0.6510363,1.1531088
1435,0.24687597,0.7489688,0.853124,0.95103127
1436,0.340835,0.64083505,0.75916505,1.059165
1437,0.375,0.77500004,0.725,1.125
1438,0.42625633,0.7025127,0.6737437,1.1974874
1439,0.30251265,0.8262564,0.7974874,1.0737437
1440,0.4489637,0.6468912,0.6510363,1.253109
1441,0.24687597,0.8489688,0.853124,1.0510314
1442,0.340835,0.7408351,0.75916505,1.159165
1443,0.47500002,-0.125,0.82500005,0.225
1444,0.5262563,-0.19748737,0.77374375,0.29748738
1445,0.40251267,-0.073743686,0.8974874,0.17374368
1446,0.5489637,-0.25310886,0.75103635,0.35310888
1447,0.346876,-0.051031243,0.95312405,0.15103124
1448,0.44083503,-0.15916501,0.8591651,0.25916502
1449,0.47500002,-0.024999991,0.82500005,0.325
1450,0.5262563,-0.09748736,0.77374375,0.39748737
1451,0.40251267,0.026256323,0.8974874,0.2737437
1452,0.5489637,-0.15310887,0.75103635,0.45310888
1453,0.346876,0.048968762,0.95312405,0.25103125
1454,0.44083503,-0.059165,0.8591651,0.359165
1455,0.47500002,0.075,0.82500005,0.425
1456,0.5262563,0.0025126338,0.77374375,0.49748737
1457,0.40251267,0.12625632,0.8974874,0.37374368
1458,0.5489637,-0.05310887,0.75103635,0.5531089
1459,0.346876,0.14896876,0.95312405,0.35103124
1460,0.44083503,0.040834993,0.8591651,0.459165
1461,0.47500002,0.17500003,0.82500005,0.52500004
1462,0.5262563,0.10251266,0.77374375,0.5974874
1463,0.40251267,0.22625634,0.8974874,0.4737437
1464,0.5489637,0.046891153,0.75103635,0.6531089
1465,0.346876,0.24896878,0.95312405,0.45103127
1466,0.44083503,0.14083502,0.8591651,0.559165
1467,0.47500002,0.27500004,0.82500005,0.625
1468,0.5262563,0.20251265,0.77374375,0.69748735
1469,0.40251267,0.32625633,0.8974874,0.5737437
1470,0.5489637,0.14689115,0.75103635,0.75310886
1471,0.346876,0.34896877,0.95312405,0.55103123
1472,0.44083503,0.24083501,0.8591651,0.659165
1473,0.47500002,0.375,0.82500005,0.725
1474,0.5262563,0.30251265,0.77374375,0.7974874
1475,0.40251267,0.42625633,0.8974874,0.6737437
1476,0.5489637,0.24689114,0.75103635,0.8531089
1477,0.346876,0.44896877,0.95312405,0.65103126
1478,0.44083503,0.340835,0.8591651,0.75916505
1479,0.47500002,0.47500002,0.82500005,0.82500005
1480,0.5262563,0.40251267,0.77374375,0.8974874
1481,0.40251267,0.5262563,0.8974874,0.77374375
1482,0.5489637,0.34689116,0.75103635,0.9531089
1483,0.346876,0.5489688,0.95312405,0.7510313
1484,0.44083503,0.44083503,0.8591651,0.8591651
1485,0.47500002,0.575,0.82500005,0.925
1486,0.5262563,0.50251263,0.77374375,0.99748737
1487,0.40251267,0.62625635,0.8974874,0.87374365
1488,0.5489637,0.44689113,0.75103635,1.0531089
1489,0.346876,0.64896876,0.95312405,0.85103124
1490,0.44083503,0.540835,0.8591651,0.959165
1491,0.47500002,0.675,0.82500005,1.025
1492,0.5262563,0.60251266,0.77374375,1.0974874
1493,0.40251267,0.7262564,0.8974874,0.9737437
1494,0.5489637,0.54689115,0.75103635,1.1531088
1495,0.346876,0.7489688,0.95312405,0.95103127
1496,0.44083503,0.64083505,0.8591651,1.059165
1497,0.47500002,0.77500004,0.82500005,1.125
1498,0.5262563,0.7025127,0.77374375,1.1974874
1499,0.40251267,0.8262564,0.8974874,1.0737437
1500,0.5489637,0.6468912,0.75103635,1.253109
1501,0.346876,0.8489688,0.95312405,1.0510314
1502,0.44083503,0.7408351,0.8591651,1.159165
1503,0.575,-0.125,0.925,0.225
1504,0.62625635,-0.19748737,0.87374365,0.29748738
1505,0.50251263,-0.073743686,0.99748737,0.17374368
1506,0.6489637,-0.25310886,0.8510363,0.35310888
1507,0.44687596,-0.051031243,1.0531241,0.15103124
1508,0.540835,-0.15916501,0.959165,0.25916502
1509,0.575,-0.024999991,0.925,0.325
1510,0.62625635,-0.09748736,0.87374365,0.39748737
1511,0.50251263,0.026256323,0.99748737,0.2737437
1512,0.6489637,-0.15310887,0.8510363,0.45310888
1513,0.44687596,0.048968762,1.0531241,0.25103125
1514,0.540835,-0.059165,0.959165,0.359165
1515,0.575,0.075,0.925,0.425
1516,0.62625635,0.0025126338,0.87374365,0.49748737
1517,0.50251263,0.12625632,0.99748737,0.37374368
1518,0.6489637,-0.05310887,0.8510363,0.5531089
1519,0.44687596,0.14896876,1.0531241,0.35103124
1520,0.540835,0.040834993,0.959165,0.459165
1521,0.575,0.17500003,0.925,0.52500004
1522,0.62625635,0.10251266,0.87374365,0.5974874
1523,0.50251263,0.22625634,0.99748737,0.4737437
1524,0.6489637,0.046891153,0.8510363,0.6531089
1525,0.44687596,0.24896878,1.0531241,0.45103127
1526,0.540835,0.14083502,0.959165,0.559165
1527,0.575,0.27500004,0.925,0.625
1528,0.62625635,0.20251265,0.87374365,0.69748735
1529,0.50251263,0.32625633,0.99748737,0.5737437
1530,0.6489637,0.14689115,0.8510363,0.75310886
1531,0.44687596,0.34896877,1.0531241,0.55103123
1532,0.540835,0.24083501,0.959165,0.659165
1533,0.575,0.375,0.925,0.725
1534,0.62625635,0.30251265,0.87374365,0.7974874
1535,0.50251263,0.42625633,0.99748737,0.6737437
1536,0.6489637,0.24689114,0.8510363,0.8531089
1537,0.44687596,0.44896877,1.0531241,0.65103126
1538,0.540835,0.340835,0.959165,0.75916505
1539,0.575,0.47500002,0.925,0.82500005
1540,0.62625635,0.40251267,0.87374365,0.8974874
1541,0.50251263,0.5262563,0.99748737,0.77374375
1542,0.6489637,0.34689116,0.8510363,0.9531089
1543,0.44687596,0.5489688,1.0531241,0.7510313
1544,0.540835,0.44083503,0.959165,0.8591651
1545,0.575,0.575,0.925,0.925
1546,0.62625635,0.50251263,0.87374365,0.99748737
1547,0.50251263,0.62625635,0.99748737,0.87374365
1548,0.6489637,0.44689113,0.8510363,1.0531089
1549,0.44687596,0.64896876,1.0531241,0.85103124
1550,0.540835,0.540835,0.959165,0.959165
1551,0.575,0.675,0.925,1.025
1552,0.62625635,0.60251266,0.87374365,1.0974874
1553,0.50251263,0.7262564,0.99748737,0.9737437
1554,0.6489637,0.54689115,0.8510363,1.1531088
1555,0.44687596,0.7489688,1.0531241,0.95103127
1556,0.540835,0.64083505,0.959165,1.059165
1557,0.575,0.77500004,0.925,1.125
1558,0.62625635,0.7025127,0.87374365,1.1974874
1559,0.50251263,0.8262564,0.99748737,1.0737437
1560,0.6489637,0.6468912,0.8510363,1.253109
1561,0.44687596,0.8489688,1.0531241,1.0510314
1562,0.540835,0.7408351,0.959165,1.159165
1563,0.675,-0.125,1.025,0.225
1564,0.7262564,-0.19748737,0.9737437,0.29748738
1565,0.60251266,-0.073743686,1.0974874,0.17374368
1566,0.7489637,-0.25310886,0.95103633,0.35310888
1567,0.54687595,-0.051031243,1.1531241,0.15103124
1568,0.64083505,-0.15916501,1.059165,0.25916502
1569,0.675,-0.024999991,1.025,0.325
1570,0.7262564,-0.09748736,0.9737437,0.39748737
1571,0.60251266,0.026256323,1.0974874,0.2737437
1572,0.7489637,-0.15310887,0.95103633,0.45310888
1573,0.54687595,0.048968762,1.1531241,0.25103125
1574,0.64083505,-0.059165,1.059165,0.359165
1575,0.675,0.075,1.025,0.425
1576,0.7262564,0.0025126338,0.9737437,0.49748737
1577,0.60251266,0.12625632,1.0974874,0.37374368
1578,0.7489637,-0.05310887,0.95103633,0.5531089
1579,0.54687595,0.14896876,1.1531241,0.35103124
1580,0.64083505,0.040834993,1.059165,0.459165
1581,0.675,0.17500003,1.025,0.52500004
1582,0.7262564,0.10251266,0.9737437,0.5974874
1583,0.60251266,0.22625634,1.0974874,0.4737437
1584,0.7489637,0.046891153,0.95103633,0.6531089
1585,0.54687595,0.24896878,1.1531241,0.45103127
1586,0.64083505,0.14083502,1.059165,0.559165
1587,0.675,0.27500004,1.025,0.625
1588,0.7262564,0.20251265,0.9737437,0.69748735
1589,0.60251266,0.32625633,1.0974874,0.5737437
1590,0.7489637,0.14689115,0.95103633,0.75310886
1591,0.54687595,0.34896877,1.1531241,0.55103123
1592,0.64083505,0.24083501,1.059165,0.659165
1593,0.675,0.375,1.025,0.725
1594,0.7262564,0.30251265,0.9737437,0.7974874
1595,0.60251266,0.42625633,1.0974874,0.6737437
1596,0.7489637,0.24689114,0.95103633,0.8531089
1597,0.54687595,0.44896877,1.1531241,0.65103126
1598,0.64083505,0.340835,1.059165,0.75916505
1599,0.675,0.47500002,1.025,0.82500005
1600,0.7262564,0.40251267,0.9737437,0.8974874
1601,0.60251266,0.5262563,1.0974874,0.77374375
1602,0.7489637,0.34689116,0.95103633,0.9531089
1603,0.54687595,0.5489688,1.1531241,0.7510313
1604,0.64083505,0.44083503,1.059165,0.8591651
1605,0.675,0.575,1.025,0.925
1606,0.7262564,0.50251263,0.9737437,0.99748737
1607,0.60251266,0.62625635,1.0974874,0.87374365
1608,0.7489637,0.44689113,0.95103633,1.0531089
1609,0.54687595,0.64896876,1.1531241,0.85103124
1610,0.64083505,0.540835,1.059165,0.959165
1611,0.675,0.675,1.025,1.025
1612,0.7262564,0.60251266,0.9737437,1.0974874
1613,0.60251266,0.7262564,1.0974874,0.9737437
1614,0.7489637,0.54689115,0.95103633,1.1531088
1615,0.54687595,0.7489688,1.1531241,0.95103127
1616,0.64083505,0.64083505,1.059165,1.059165
1617,0.675,0.77500004,1.025,1.125
1618,0.7262564,0.7025127,0.9737437,1.1974874
1619,0.60251266,0.8262564,1.0974874,1.0737437
1620,0.7489637,0.6468912,0.95103633,1.253109
1621,0.54687595,0.8489688,1.1531241,1.0510314
1622,0.64083505,0.7408351,1.059165,1.159165
1623,0.77500004,-0.125,1.125,0.225
1624,0.8262564,-0.19748737,1.0737437,0.29748738
1625,0.7025127,-0.073743686,1.1974874,0.17374368
1626,0.84896374,-0.25310886,1.0510364,0.35310888
1627,0.646876,-0.051031243,1.2531241,0.15103124
1628,0.7408351,-0.15916501,1.159165,0.25916502
1629,0.77500004,-0.024999991,1.125,0.325
1630,0.8262564,-0.09748736,1.0737437,0.39748737
1631,0.7025127,0.026256323,1.1974874,0.2737437
1632,0.84896374,-0.15310887,1.0510364,0.45310888
1633,0.646876,0.048968762,1.2531241,0.25103125
1634,0.7408351,-0.059165,1.159165,0.359165
1635,0.77500004,0.075,1.125,0.425
1636,0.8262564,0.0025126338,1.0737437,0.49748737
1637,0.7025127,0.12625632,1.1974874,0.37374368
1638,0.84896374,-0.05310887,1.0510364,0.5531089
1639,0.646876,0.14896876,1.2531241,0.35103124
1640,0.7408351,0.040834993,1.159165,0.459165
1641,0.77500004,0.17500003,1.125,0.52500004
1642,0.8262564,0.10251266,1.0737437,0.5974874
1643,0.7025127,0.22625634,1.1974874,0.4737437
1644,0.84896374,0.046891153,1.0510364,0.6531089
1645,0.646876,0.24896878,1.2531241,0.45103127
1646,0.7408351,0.14083502,1.159165,0.559165
1647,0.77500004,0.27500004,1.125,0.625
1648,0.8262564,0.20251265,1.0737437,0.69748735
1649,0.7025127,0.32625633,1.1974874,0.5737437
1650,0.84896374,0.14689115,1.0510364,0.75310886
1651,0.646876,0.34896877,1.2531241,0.55103123
1652,0.7408351,0.24083501,1.159165,0.659165
1653,0.77500004,0.375,1.125,0.725
1654,0.8262564,0.30251265,1.0737437,0.7974874
1655,0.7025127,0.42625633,1.1974874,0.6737437
1656,0.84896374,0.24689114,1.0510364,0.8531089
1657,0.646876,0.44896877,1.2531241,0.65103126
1658,0.7408351,0.340835,1.159165,0.75916505
1659,0.77500004,0.47500002,1.125,0.82500005
1660,0.8262564,0.40251267,1.0737437,0.8974874
1661,0.7025127,0.5262563,1.1974874,0.77374375
1662,0.84896374,0.34689116,1.0510364,0.9531089
1663,0.646876,0.5489688,1.2531241,0.7510313
1664,0.7408351,0.44083503,1.159165,0.8591651
1665,0.77500004,0.575,1.125,0.925
1666,0.8262564,0.50251263,1.0737437,0.99748737
1667,0.7025127,0.62625635,1.1974874,0.87374365
1668,0.84896374,0.44689113,1.0510364,1.0531089
1669,0.646876,0.64896876,1.2531241,0.85103124
1670,0.7408351,0.540835,1.159165,0.959165
1671,0.77500004,0.675,1.125,1.025
1672,0.8262564,0.60251266,1.0737437,1.0974874
1673,0.7025127,0.7262564,1.1974874,0.9737437
1674,0.84896374,0.54689115,1.0510364,1.1531088
1675,0.646876,0.7489688,1.2531241,0.95103127
1676,0.7408351,0.64083505,1.159165,1.059165
1677,0.77500004,0.77500004,1.125,1.125
1678,0.8262564,0.7025127,1.0737437,1.1974874
1679,0.7025127,0.8262564,1.1974874,1.0737437
1680,0.84896374,0.6468912,1.0510364,1.253109
1681,0.646876,0.8489688,1.2531241,1.0510314
1682,0.7408351,0.7408351,1.159165,1.159165
1683,-0.15,-0.15,0.35,0.35
1684,-0.07677669,-0.2535534,0.2767767,0.45355338
1685,-0.2535534,-0.07677669,0.45355338,0.2767767
1686,-0.044337563,-0.3330127,0.24433756,0.5330127
1687,-0.33303437,-0.04433035,0.5330344,0.24433035
1688,-0.18504387,-0.18504387,0.38504386,0.38504386
1689,-0.15,0.050000012,0.35,0.55
1690,-0.07677669,-0.053553373,0.2767767,0.65355337
1691,-0.2535534,0.12322332,0.45355338,0.47677672
1692,-0.044337563,-0.13301268,0.24433756,0.7330127
1693,-0.33303437,0.15566966,0.5330344,0.44433036
1694,-0.18504387,0.0149561465,0.38504386,0.5850439
1695,-0.15,0.25,0.35,0.75
1696,-0.07677669,0.14644662,0.2767767,0.8535534
1697,-0.2535534,0.3232233,0.45355338,0.6767767
1698,-0.044337563,0.066987306,0.24433756,0.9330127
1699,-0.33303437,0.35566965,0.5330344,0.6443304
1700,-0.18504387,0.21495613,0.38504386,0.78504384
1701,-0.15,0.45000005,0.35,0.95000005
1702,-0.07677669,0.34644666,0.2767767,1.0535535
1703,-0.2535534,0.52322334,0.45355338,0.87677675
1704,-0.044337563,0.26698735,0.24433756,1.1330128
1705,-0.33303437,0.55566967,0.5330344,0.84433043
1706,-0.18504387,0.41495618,0.38504386,0.9850439
1707,-0.15,0.65000004,0.35,1.1500001
1708,-0.07677669,0.5464467,0.2767767,1.2535534
1709,-0.2535534,0.7232233,0.45355338,1.0767767
1710,-0.044337563,0.46698734,0.24433756,1.3330127
1711,-0.33303437,0.7556697,0.5330344,1.0443304
1712,-0.18504387,0.61495614,0.38504386,1.1850439
1713,0.050000012,-0.15,0.55,0.35
1714,0.12322332,-0.2535534,0.47677672,0.45355338
1715,-0.053553373,-0.07677669,0.65355337,0.2767767
1716,0.15566245,-0.3330127,0.44433758,0.5330127
1717,-0.13303435,-0.04433035,0.7330344,0.24433035
1718,0.0149561465,-0.18504387,0.5850439,0.38504386
1719,0.050000012,0.050000012,0.55,0.55
1720,0.12322332,-0.053553373,0.47677672,0.65355337
1721,-0.053553373,0.12322332,0.65355337,0.47677672
1722,0.15566245,-0.13301268,0.44433758,0.7330127
1723,-0.13303435,0.15566966,0.7330344,0.44433036
1724,0.0149561465,0.0149561465,0.5850439,0.5850439
1725,0.050000012,0.25,0.55,0.75
1726,0.12322332,0.14644662,0.47677672,0.8535534
1727,-0.053553373,0.3232233,0.65355337,0.6767767
1728,0.15566245,0.066987306,0.44433758,0.9330127
1729,-0.13303435,0.35566965,0.7330344,0.6443304
1730,0.0149561465,0.21495613,0.5850439,0.78504384
1731,0.050000012,0.45000005,0.55,0.95000005
1732,0.12322332,0.34644666,0.47677672,1.0535535
1733,-0.053553373,0.52322334,0.65355337,0.87677675
1734,0.15566245,0.26698735,0.44433758,1.1330128
1735,-0.13303435,0.55566967,0.7330344,0.84433043
1736,0.0149561465,0.41495618,0.5850439,0.9850439
1737,0.050000012,0.65000004,0.55,1.1500001
1738,0.12322332,0.5464467,0.47677672,1.2535534
1739,-0.053553373,0.7232233,0.65355337,1.0767767
1740,0.15566245,0.46698734,0.44433758,1.3330127
1741,-0.13303435,0.7556697,0.7330344,1.0443304
1742,0.0149561465,0.61495614,0.5850439,1.1850439
1743,0.25,-0.15,0.75,0.35
1744,0.3232233,-0.2535534,0.6767767,0.45355338
1745,0.14644662,-0.07677669,0.8535534,0.2767767
1746,0.35566244,-0.3330127,0.64433753,0.5330127
1747,0.06696564,-0.04433035,0.93303436,0.24433035
1748,0.21495613,-0.18504387,0.78504384,0.38504386
1749,0.25,0.050000012,0.75,0.55
1750,0.3232233,-0.053553373,0.6767767,0.65355337
1751,0.14644662,0.12322332,0.8535534,0.47677672
1752,0.35566244,-0.13301268,0.64433753,0.7330127
1753,0.06696564,0.15566966,0.93303436,0.44433036
1754,0.21495613,0.0149561465,0.78504384,0.5850439
1755,0.25,0.25,0.75,0.75
1756,0.3232233,0.14644662,0.6767767,0.8535534
1757,0.14644662,0.3232233,0.8535534,0.6767767
1758,0.35566244,0.066987306,0.64433753,0.9330127
1759,0.06696564,0.35566965,0.93303436,0.6443304
1760,0.21495613,0.21495613,0.78504384,0.78504384
1761,0.25,0.45000005,0.75,0.95000005
1762,0.3232233,0.34644666,0.6767767,1.0535535
1763,0.14644662,0.52322334,0.8535534,0.87677675
1764,0.35566244,0.26698735,0.64433753,1.1330128
1765,0.06696564,0.55566967,0.93303436,0.84433043
1766,0.21495613,0.41495618,0.78504384,0.9850439
1767,0.25,0.65000004,0.75,1.1500001
1768,0.3232233,0.5464467,0.6767767,1.2535534
1769,0.14644662,0.7232233,0.8535534,1.0767767
1770,0.35566244,0.46698734,0.64433753,1.3330127
1771,0.06696564,0.7556697,0.93303436,1.0443304
1772,0.21495613,0.61495614,0.78504384,1.1850439
1773,0.45000005,-0.15,0.95000005,0.35
1774,0.52322334,-0.2535534,0.87677675,0.45355338
1775,0.34644666,-0.07677669,1.0535535,0.2767767
1776,0.5556625,-0.3330127,0.8443376,0.5330127
1777,0.2669657,-0.04433035,1.1330345,0.24433035
1778,0.41495618,-0.18504387,0.9850439,0.38504386
1779,0.45000005,0.050000012,0.95000005,0.55
1780,0.52322334,-0.053553373,0.87677675,0.65355337
1781,0.34644666,0.12322332,1.0535535,0.47677672
1782,0.5556625,-0.13301268,0.8443376,0.7330127
1783,0.2669657,0.15566966,1.1330345,0.44433036
1784,0.41495618,0.0149561465,0.9850439,0.5850439
1785,0.45000005,0.25,0.95000005,0.75
1786,0.52322334,0.14644662,0.87677675,0.8535534
1787,0.34644666,0.3232233,1.0535535,0.6767767
1788,0.5556625,0.066987306,0.8443376,0.9330127
1789,0.2669657,0.35566965,1.1330345,0.6443304
1790,0.41495618,0.21495613,0.9850439,0.78504384
1791,0.45000005,0.45000005,0.95000005,0.95000005
1792,0.52322334,0.34644666,0.87677675,1.0535535
1793,0.34644666,0.52322334,1.0535535,0.87677675
1794,0.5556625,0.26698735,0.8443376,1.1330128
1795,0.2669657,0.55566967,1.1330345,0.84433043
1796,0.41495618,0.41495618,0.9850439,0.9850439
1797,0.45000005,0.65000004,0.95000005,1.1500001
1798,0.52322334,0.5464467,0.87677675,1.2535534
1799,0.34644666,0.7232233,1.0535535,1.0767767
1800,0.5556625,0.46698734,0.8443376,1.3330127
1801,0.2669657,0.7556697,1.1330345,1.0443304
1802,0.41495618,0.61495614,0.9850439,1.1850439
1803,0.65000004,-0.15,1.1500001,0.35
1804,0.7232233,-0.2535534,1.0767767,0.45355338
1805,0.5464467,-0.07677669,1.2535534,0.2767767
1806,0.75566244,-0.3330127,1.0443376,0.5330127
1807,0.46696568,-0.04433035,1.3330344,0.24433035
1808,0.61495614,-0.18504387,1.1850439,0.38504386
1809,0.65000004,0.050000012,1.1500001,0.55
1810,0.7232233,-0.053553373,1.0767767,0.65355337
1811,0.5464467,0.12322332,1.2535534,0.47677672
1812,0.75566244,-0.13301268,1.0443376,0.7330127
1813,0.46696568,0.15566966,1.3330344,0.44433036
1814,0.61495614,0.0149561465,1.1850439,0.5850439
1815,0.65000004,0.25,1.1500001,0.75
1816,0.7232233,0.14644662,1.0767767,0.8535534
1817,0.5464467,0.3232233,1.2535534,0.6767767
1818,0.75566244,0.066987306,1.0443376,0.9330127
1819,0.46696568,0.35566965,1.3330344,0.6443304
1820,0.61495614,0.21495613,1.1850439,0.78504384
1821,0.65000004,0.45000005,1.1500001,0.95000005
1822,0.7232233,0.34644666,1.0767767,1.0535535
1823,0.5464467,0.52322334,1.2535534,0.87677675
1824,0.75566244,0.26698735,1.0443376,1.1330128
1825,0.46696568,0.55566967,1.3330344,0.84433043
1826,0.61495614,0.41495618,1.1850439,0.9850439
1827,0.65000004,0.65000004,1.1500001,1.1500001
1828,0.7232233,0.5464467,1.0767767,1.2535534
1829,0.5464467,0.7232233,1.2535534,1.0767767
1830,0.75566244,0.46698734,1.0443376,1.3330127
1831,0.46696568,0.7556697,1.3330344,1.0443304
1832,0.61495614,0.61495614,1.1850439,1.1850439
1833,-0.15833332,-0.15833332,0.49166667,0.49166667
1834,-0.06314303,-0.29295272,0.3964764,0.62628603
1835,-0.29295272,-0.063143015,0.6262861,0.39647636
1836,-0.020972162,-0.39624977,0.3543055,0.72958314
1837,-0.39627796,-0.020962775,0.72961134,0.35429612
1838,-0.19388844,-0.19388844,0.5272218,0.5272218
1839,-0.15833332,0.17500001,0.49166667,0.825
1840,-0.06314303,0.040380627,0.3964764,0.9596194
1841,-0.29295272,0.2701903,0.6262861,0.7298097
1842,-0.020972162,-0.06291646,0.3543055,1.0629165
1843,-0.39627796,0.31237054,0.72961134,0.68762946
1844,-0.19388844,0.13944489,0.5272218,0.8605551
1845,-0.15833332,0.5083334,0.49166667,1.1583333
1846,-0.06314303,0.373714,0.3964764,1.2929528
1847,-0.29295272,0.6035237,0.6262861,1.063143
1848,-0.020972162,0.27041692,0.3543055,1.3962498
1849,-0.39627796,0.6457039,0.72961134,1.0209628
1850,-0.19388844,0.47277826,0.5272218,1.1938884
1851,0.17500001,-0.15833332,0.825,0.49166667
1852,0.2701903,-0.29295272,0.7298097,0.62628603
1853,0.040380597,-0.063143015,0.9596194,0.39647636
1854,0.31236118,-0.39624977,0.6876388,0.72958314
1855,-0.06294465,-0.020962775,1.0629447,0.35429612
1856,0.13944489,-0.19388844,0.8605551,0.5272218
1857,0.17500001,0.17500001,0.825,0.825
1858,0.2701903,0.040380627,0.7298097,0.9596194
1859,0.040380597,0.2701903,0.9596194,0.7298097
1860,0.31236118,-0.06291646,0.6876388,1.0629165
1861,-0.06294465,0.31237054,1.0629447,0.68762946
1862,0.13944489,0.13944489,0.8605551,0.8605551
1863,0.17500001,0.5083334,0.825,1.1583333
1864,0.2701903,0.373714,0.7298097,1.2929528
1865,0.040380597,0.6035237,0.9596194,1.063143
1866,0.31236118,0.27041692,0.6876388,1.3962498
1867,-0.06294465,0.6457039,1.0629447,1.0209628
1868,0.13944489,0.47277826,0.8605551,1.1938884
1869,0.5083334,-0.15833332,1.1583333,0.49166667
1870,0.6035237,-0.29295272,1.063143,0.62628603
1871,0.37371397,-0.063143015,1.2929528,0.39647636
1872,0.64569455,-0.39624977,1.0209723,0.72958314
1873,0.27038872,-0.020962775,1.396278,0.35429612
1874,0.47277826,-0.19388844,1.1938884,0.5272218
1875,0.5083334,0.17500001,1.1583333,0.825
1876,0.6035237,0.040380627,1.063143,0.9596194
1877,0.37371397,0.2701903,1.2929528,0.7298097
1878,0.64569455,-0.06291646,1.0209723,1.0629165
1879,0.27038872,0.31237054,1.396278,0.68762946
1880,0.47277826,0.13944489,1.1938884,0.8605551
1881,0.5083334,0.5083334,1.1583333,1.1583333
1882,0.6035237,0.373714,1.063143,1.2929528
1883,0.37371397,0.6035237,1.2929528,1.063143
1884,0.64569455,0.27041692,1.0209723,1.3962498
1885,0.27038872,0.6457039,1.396278,1.0209628
1886,0.47277826,0.47277826,1.1938884,1.1938884
1887,-0.15,-0.15,0.65,0.65
1888,-0.032842726,-0.31568545,0.53284276,0.81568545
1889,-0.31568545,-0.032842726,0.81568545,0.53284276
1890,0.019059882,-0.4428203,0.4809401,0.9428203
1891,-0.44285494,0.01907143,0.94285494,0.48092857
1892,-0.1858899,-0.1858899,0.6858899,0.6858899
1893,-0.15,0.35,0.65,1.15
1894,-0.032842726,0.18431455,0.53284276,1.3156855
1895,-0.31568545,0.46715727,0.81568545,1.0328428
1896,0.019059882,0.05717969,0.4809401,1.4428203
1897,-0.44285494,0.51907146,0.94285494,0.98092854
1898,-0.1858899,0.3141101,0.6858899,1.18589
1899,0.35,-0.15,1.15,0.65
1900,0.46715727,-0.31568545,1.0328428,0.81568545
1901,0.18431455,-0.032842726,1.3156855,0.53284276
1902,0.5190599,-0.4428203,0.9809401,0.9428203
1903,0.05714506,0.01907143,1.4428549,0.48092857
1904,0.3141101,-0.1858899,1.18589,0.6858899
1905,0.35,0.35,1.15,1.15
1906,0.46715727,0.18431455,1.0328428,1.3156855
1907,0.18431455,0.46715727,1.3156855,1.0328428
1908,0.5190599,0.05717969,0.9809401,1.4428203
1909,0.05714506,0.51907146,1.4428549,0.98092854
1910,0.3141101,0.3141101,1.18589,1.18589
1911,0.025000006,0.025000006,0.975,0.975
1912,0.16412428,-0.17175144,0.83587575,1.1717515
1913,-0.17175144,0.16412428,1.1717515,0.83587575
1914,0.22575861,-0.3227241,0.7742414,1.3227241
1915,-0.32276523,0.22577232,1.3227652,0.7742277
1916,0.012660295,0.012660295,0.98733974,0.98733974
